PostId,Username,CreatedAt,HasMedia,Text,ContentDescription,GMEPrice,Notes,SearchTerms
1874621633777844714,@TheRoaringKitty,2025-01-01 20:00:00,TRUE,https://t.co/TSq9cwyJx1,"Chappelle's Show 'UNITY!' GIF – Charlie Murphy/Rick James skit; ring says 'Unity', symbolizing retail investors coming together.",30.66,"Posted 1 AM ET 2 Jan 2025; a New-Year teaser rallying retail investors with a unity theme, setting an optimistic tone for 2025 after a volatile 2024.","chappelle, show, unity, gif, charlie, murphy, rick, james, skit, ring, says, symbolizing, retail, investors, coming, together"
unknown_20250123,@TheRoaringKitty,2025-01-22 20:00:36,TRUE,https://x.com/TheRoaringKitty/status/unknown,"User-supplied timestamp (media not archived locally yet). Placeholder entry so burst alignment includes the Jan 22/23 tweet.",,"Added per user log of the 2025-01-23 01:00:36Z tweet; update Text/description once the asset is captured.","placeholder, 2025-01-23, roaring, kitty, tweet, timestamp"
1871933930963693706,@TheRoaringKitty,2024-12-25 10:00:02,TRUE,https://t.co/RLv8w97uPp,"Christmas tweet – neatly wrapped red-and-white gift box with green ribbon (no text), symbolizing a 'gift' of potential GME gains.",,"Tweet at 3 PM ET 25 Dec 2024; sparked a pre-market pop, symbolizing a 'gift' of gains for retail investors during the holiday season.","christmas, tweet, neatly, wrapped, red, white, gift, box, green, ribbon, text, symbolizing, potential, gme, gains"
1864742787197116887,@TheRoaringKitty,2024-12-05 13:45:00,TRUE,https://t.co/tXViICmVFG,"Edited TIME 2006 'Person of the Year: YOU' cover; blank CRT at 1:09/4:20, emphasizing retail investors as the driving force.",29.3994,"Posted 6:45 PM ET 5 Dec 2024; spurred options surge, reinforcing retail’s power in the GME narrative amidst a strong daily gain.","edited, time, 2006, person, year, you, cover, blank, crt, emphasizing, retail, investors, driving, force"
1832086356849250635,@TheRoaringKitty,2024-09-06 12:00:00,TRUE,https://t.co/9xPMBKesNV,"Toy Story 2 frame: Woody dumped in toy-box, head swapped for Chewy logo, symbolizing Chewy’s influence on GameStop.",23.97,"Posted 4 PM ET 6 Sep 2024; highlights synergy between GameStop and Chewy under Ryan Cohen’s leadership, reflecting retail’s cross-stock enthusiasm.","toy, story, frame, woody, dumped, box, head, swapped, chewy, logo, symbolizing, influence, gamestop"
1806371920495186041,@TheRoaringKitty,2024-06-27 13:00:01,TRUE,https://t.co/jQBMX4jwjR,"Cartoon dog close-up (brown Shiba Inu) – cryptic Chewy nod, symbolizing retail’s focus on Chewy’s market moves.",25.09,"Posted 5 PM ET 27 Jun 2024; CHWY surged +34%, GME briefly +10%, signaling market correlation and retail excitement post-Chewy’s rally.","cartoon, dog, close, brown, shiba, inu, cryptic, chewy, nod, symbolizing, retail, focus, market, moves"
1802778236310720619,@TheRoaringKitty,2024-06-17 15:00:00,TRUE,https://t.co/uKZDqhpRZD,"Encanto Bruno prophecy plate (butterfly over Mirabel), symbolizing retail investors' hope for a transformative GME breakout.",25.14,"Posted 7 PM ET 17 Jun 2024; pre-meeting buzz for GME’s shareholder meeting, reflecting growing retail optimism as the stock gains momentum.","encanto, bruno, prophecy, plate, butterfly, over, mirabel, symbolizing, retail, investors, hope, transformative, gme, breakout"
1802750696892068056,@TheRoaringKitty,2024-06-17 13:10:34,TRUE,https://t.co/C6VETJ8uWW,"John McEnroe screaming 'YOU CANNOT BE SERIOUS!' in a tennis match, symbolizing retail investors' frustration with short sellers' tactics.",25.22,"Posted 5:10 PM ET 17 Jun 2024; rage-at-shorts meme as GME gains momentum before the shareholder meeting, rallying retail defiance.","john, mcenroe, screaming, you, cannot, serious, tennis, match, symbolizing, retail, investors, frustration, short, sellers, tactics"
1801313585421029445,@TheRoaringKitty,2024-06-13 14:00:00,TRUE,https://t.co/milvQfDdVh,"Dune scene of Paul Atreides riding a sandworm, symbolizing retail investors (apes) mastering market chaos with confidence.",27.7486,"Posted 6 PM ET 13 Jun 2024; reflects a strong rally as retail anticipates a breakout ahead of the shareholder meeting, boosting morale.","dune, scene, paul, atreides, riding, sandworm, symbolizing, retail, investors, apes, mastering, market, chaos, confidence"
1800890801632747972,@TheRoaringKitty,2024-06-12 10:00:00,TRUE,https://t.co/H2RChMB9Iz,"Inglourious Basterds scene where Hans Landa says 'I think this might be my masterpiece,' followed by a CNBC clip of Roaring Kitty’s livestream where he’s 28 minutes late, symbolizing Gill’s dramatic return and market impact.",29.94,"Posted 2 PM ET 12 Jun 2024; Gill’s tardiness adds suspense to his first livestream since 2021, stirring retail excitement on a volatile day with heavy selling.","inglourious, basterds, scene, where, hans, landa, says, think, might, masterpiece, followed, cnbc, clip, roaring, kitty, livestream, minutes, late, symbolizing, gill, dramatic, return, market, impact"
1800698343540015491,@TheRoaringKitty,2024-06-11 21:15:15,TRUE,https://t.co/Ydduqqw0dC,"The Office meme of young Michael Scott shaking hands, captioned 'When you reconnect with an old friend,' symbolizing Gill’s warm return to the retail community.",25.46,"Posted 1:15 AM ET 12 Jun 2024; reflects Gill’s return to X after a long hiatus, boosting retail morale amid GME’s rally (price from June 11 close).","office, meme, young, michael, scott, shaking, hands, captioned, when, you, reconnect, old, friend, symbolizing, gill, warm, return, retail, community"
1800566569388691474,@TheRoaringKitty,2024-06-11 12:31:37,TRUE,https://t.co/Hru14sbYgz,"Student staring at 'Options Basics 101' online course meme, symbolizing retail investors learning complex strategies to fight back.",30.49,"Posted 4:31 PM ET 11 Jun 2024; big rebound day, reflecting retail’s growing sophistication in options trading as GME surges.","student, staring, options, basics, 101, online, course, meme, symbolizing, retail, investors, learning, complex, strategies, fight, back"
1800203775237664965,@TheRoaringKitty,2024-06-10 12:30:00,TRUE,https://t.co/wGdvs6xF7w,"You were a BILLIONAIRE' meme from Wolf of Wall Street, symbolizing Gill’s self-deprecating reflection on his portfolio’s volatility.",24.94,"Posted 4:30 PM ET 10 Jun 2024; self-deprecating take on a swing day as retail weathers dilution news, maintaining morale despite the drop.","you, billionaire, meme, wolf, wall, street, symbolizing, gill, self, deprecating, reflection, his, portfolio, volatility"
1799954635026841969,@TheRoaringKitty,2024-06-09 20:00:01,TRUE,https://t.co/8Gpb9zQ1yF,"Image of the Joker wearing a cat mask standing outside the Chicago Board Options Exchange (CBOE), symbolizing retail’s chaotic disruption in options trading.",24.83,"Posted midnight ET 10 Jun 2024; cryptic nod to options trading frenzy, with the cat as retail’s playful yet disruptive force (price from June 7 close).","image, joker, wearing, cat, mask, standing, outside, chicago, board, options, exchange, cboe, symbolizing, retail, chaotic, disruption, trading"
1797418617908154621,@TheRoaringKitty,2024-06-02 20:02:47,TRUE,https://t.co/zUuccrKWZr,"UNO Reverse card image, symbolizing retail investors flipping the power dynamics on short sellers.",28.0,Posted 12:02 AM ET 3 Jun 2024; suggests retail’s early June momentum as they counter short sellers’ pressure (price from May 31 close).,"uno, reverse, card, image, symbolizing, retail, investors, flipping, power, dynamics, short, sellers"
1791559313883844621,@TheRoaringKitty,2024-05-17 16:00:00,TRUE,https://t.co/uQFookQjzh,"E.T. goes home farewell GIF, symbolizing Gill’s sign-off after an intense tweeting spree.",22.21,"Posted 8 PM ET 17 May 2024; final tweet of May 17 storm, marks a pause after a volatile day as retail holds firm, signaling a temporary retreat.","goes, home, farewell, gif, symbolizing, gill, sign, off, after, intense, tweeting, spree"
1791555537131159892,@TheRoaringKitty,2024-05-17 15:45:00,TRUE,https://t.co/KVh57b4z4f,"Zen story of a boy who gets a horse, with the master saying 'we’ll see,' symbolizing the unpredictability of market outcomes.",21.15,"Posted 7:45 PM ET 17 May 2024; part of May 17 tweet storm, encouraging retail to remain patient despite volatility, reflecting a philosophical stance.","zen, story, boy, who, gets, horse, master, saying, see, symbolizing, unpredictability, market, outcomes"
1791551762295337243,@TheRoaringKitty,2024-05-17 15:30:00,TRUE,https://t.co/VLOuvgi8ij,"Coldplay’s 'Clocks' music video played in reverse, symbolizing a rewind of market events or short sellers’ gains.",21.04,"Posted 7:30 PM ET 17 May 2024; cryptic hint at reversing market trends, part of May 17 tweet barrage, rallying retail to anticipate a turnaround.","coldplay, clocks, music, video, played, reverse, symbolizing, rewind, market, events, short, sellers, gains"
1791547987467911535,@TheRoaringKitty,2024-05-17 15:15:00,TRUE,https://t.co/YeAZ27FP7J,"Forrest Gump scene of Forrest running across America, captioned 'Just kept on running,' symbolizing retail’s relentless persistence.",21.22,"Posted 7:15 PM ET 17 May 2024; a morale booster during volatility, encouraging retail to stay committed despite market challenges.","forrest, gump, scene, running, across, america, captioned, just, kept, symbolizing, retail, relentless, persistence"
1791544216960798736,@TheRoaringKitty,2024-05-17 15:00:01,TRUE,https://t.co/FpZpE3j17r,"Film clip of an astonished clerk saying 'These documents are originals? It is miraculous,' symbolizing genuine evidence like DRS shares.",22.21,"Posted 7 PM ET 17 May 2024; signals Gill has authentic proof (e.g., DRS shares) to support retail’s case against manipulation, reinforcing trust in the strategy.","film, clip, astonished, clerk, saying, these, documents, originals, miraculous, symbolizing, genuine, evidence, like, drs, shares"
1791540437968392518,@TheRoaringKitty,2024-05-17 14:45:00,TRUE,https://t.co/LVGMadY4b2,"Tenet scene with a box and reversed audio revealing a hidden cat meow, symbolizing hidden truths in market mechanics.",21.2396,"Posted 6:45 PM ET 17 May 2024; suggests uncovering hidden market issues like naked shorts, with the cat as retail’s symbol, encouraging deeper investigation.","tenet, scene, box, reversed, audio, revealing, hidden, cat, meow, symbolizing, truths, market, mechanics"
1791536662935408655,@TheRoaringKitty,2024-05-17 14:30:00,TRUE,https://t.co/H0q8GMLrTf,"Men in Black scene of the cat Orion with a tiny galaxy on its collar, symbolizing hidden value on a massive scale.",21.23,"Posted 6:30 PM ET 17 May 2024; a nod to GME’s concealed potential, with the cat representing retail’s underestimated power, boosting confidence in the stock’s future.","men, black, scene, cat, orion, tiny, galaxy, its, collar, symbolizing, hidden, value, massive, scale"
1791532888380334410,@TheRoaringKitty,2024-05-17 14:15:00,TRUE,https://t.co/Wn9liimEx3,"Crocodile Dundee scene where a mugger demands 'Give him your gains,' symbolizing short sellers trying to steal retail’s profits.",21.24,"Posted 6:15 PM ET 17 May 2024; a gag highlighting short sellers’ pressure on retail investors during a volatile day, rallying retail defiance (price corrected to match date).","crocodile, dundee, scene, where, mugger, demands, give, him, your, gains, symbolizing, short, sellers, trying, steal, retail, profits"
1791529118796075208,@TheRoaringKitty,2024-05-17 14:00:01,TRUE,https://t.co/ed8Lv9vGn0,"Westworld scene referencing 'Bernard Papers with Bear Thesis,' symbolizing a flawed short-seller narrative being exposed.",22.21,"Posted 6 PM ET 17 May 2024; critiques short sellers’ bearish arguments as artificial or manipulated, rallying retail by exposing weaknesses in the opposition.","westworld, scene, referencing, bernard, papers, bear, thesis, symbolizing, flawed, short, seller, narrative, being, exposed"
1791525338234695938,@TheRoaringKitty,2024-05-17 13:45:00,TRUE,https://t.co/uhrUgedtz3,"Ocean’s Eleven scene with camera panning to the crew using Morse code audio, symbolizing retail’s coordinated strategy against shorts.",20.96,"Posted 5:45 PM ET 17 May 2024; suggests retail investors are planning a heist-like move against shorts, boosting morale with a sense of coordinated action.","ocean, eleven, scene, camera, panning, crew, using, morse, code, audio, symbolizing, retail, coordinated, strategy, against, shorts"
1791521565881876567,@TheRoaringKitty,2024-05-17 13:30:00,TRUE,https://t.co/nj3g44hY2H,"Sepia-toned still frame from an action scene, showing someone shooting and running with another person, symbolizing retail’s chaotic fight against shorts.",21.805,"Posted 5:30 PM ET 17 May 2024; reflects the intense market battle between retail and short sellers on a volatile day, capturing the high stakes.","sepia, toned, still, frame, action, scene, showing, someone, shooting, running, another, person, symbolizing, retail, chaotic, fight, against, shorts"
1791517788734968299,@TheRoaringKitty,2024-05-17 13:15:00,TRUE,https://t.co/4NWVrlI8pC,"Beavis and Butthead looking at 'Sex for Dummies,' referencing a Ryan Cohen tweet, symbolizing a playful jab at Cohen’s strategy.",21.85,"Posted 5:15 PM ET 17 May 2024; a humorous take on Cohen’s leadership, part of May 17 tweet storm to keep retail engaged, reinforcing community trust in Cohen.","beavis, butthead, looking, sex, dummies, referencing, ryan, cohen, tweet, symbolizing, playful, jab, strategy"
1791514016495419638,@TheRoaringKitty,2024-05-17 13:00:00,TRUE,https://t.co/Zu0GLD1xHj,A Few Good Men scene with 'Did you order the Code Red?' symbolizing a call for regulatory accountability on market manipulation.,22.23,"Posted 5 PM ET 17 May 2024; hints at a regulatory crackdown on market manipulation, rallying retail investors with hope for justice (price corrected to match date).","few, good, men, scene, did, you, order, code, red, symbolizing, call, regulatory, accountability, market, manipulation"
1791506465876033821,@TheRoaringKitty,2024-05-17 12:30:00,TRUE,https://t.co/XCCXAKW67e,"Aladdin chase scene through the market, symbolizing retail investors evading short sellers’ traps with agility.",22.21,"Posted 4:30 PM ET 17 May 2024; reflects retail’s resilience in navigating market challenges during a tough day, encouraging persistence.","aladdin, chase, scene, through, market, symbolizing, retail, investors, evading, short, sellers, traps, agility"
1791502689068855331,@TheRoaringKitty,2024-05-17 12:15:00,TRUE,https://t.co/J1Fi1o3LcW,"José Mourinho saying 'If I speak, I am in big trouble,' symbolizing Gill’s cautious approach due to legal scrutiny.",22.0,"Posted 4:15 PM ET 17 May 2024; a legal-gag meme acknowledging regulatory pressure on Gill amid his public return, reflecting awareness of risks (price corrected).","josé, mourinho, saying, speak, big, trouble, symbolizing, gill, cautious, approach, due, legal, scrutiny"
1791498918804808148,@TheRoaringKitty,2024-05-17 12:00:01,TRUE,https://t.co/s7hAhdtQs4,"It’s Always Sunny in Philadelphia scene in a therapist’s office, symbolizing retail’s need to process market volatility.",22.21,"Posted 4 PM ET 17 May 2024; reflects retail’s emotional journey during a tough market day, encouraging resilience and mental fortitude.","always, sunny, philadelphia, scene, therapist, office, symbolizing, retail, need, process, market, volatility"
1791495139325829218,@TheRoaringKitty,2024-05-17 11:45:00,TRUE,https://t.co/2pAsQBLN6e,"Seinfeld scene where Jerry asks Newman (Gill) 'What do you do for a living?' and Newman responds 'I make memes,' symbolizing Gill’s role in driving price action.",21.75,"Posted 3:45 PM ET 17 May 2024; highlights Gill’s meme-driven influence on price action, reinforcing his cultural impact within the GME community.","seinfeld, scene, where, jerry, asks, newman, gill, what, you, living, responds, make, memes, symbolizing, role, driving, price, action"
1791491366608097414,@TheRoaringKitty,2024-05-17 11:30:00,TRUE,https://t.co/Kk3Rce4Su1,"This is art' meme with the blue-gold dress viral image, symbolizing retail’s perception of GME as a cultural phenomenon.",21.43,"Posted 3:30 PM ET 17 May 2024; frames GME’s movement as a viral, debated masterpiece, boosting retail morale by emphasizing its broader impact.","art, meme, blue, gold, dress, viral, image, symbolizing, retail, perception, gme, cultural, phenomenon"
1791487589951955197,@TheRoaringKitty,2024-05-17 11:15:00,TRUE,https://t.co/w30EKTUTta,"SNL sketch where people shoot each other to Imogen Heap’s song, symbolizing the chaotic market violence between retail and shorts.",21.2,"Posted 3:15 PM ET 17 May 2024; reflects the intense market conflict during volatility, capturing retail’s fighting spirit in the face of adversity.","snl, sketch, where, people, shoot, each, other, imogen, heap, song, symbolizing, chaotic, market, violence, between, retail, shorts"
1791483828013596991,@TheRoaringKitty,2024-05-17 11:00:03,TRUE,https://t.co/R07s2zXURm,"Angry meme face with a cat mask, symbolizing retail’s fierce determination despite market challenges.",22.21,"Posted 3 PM ET 17 May 2024; motivates retail to stay disciplined and resilient amid market turbulence, with the cat as a symbol of retail’s tenacity.","angry, meme, face, cat, mask, symbolizing, retail, fierce, determination, despite, market, challenges"
1791480191534997580,@TheRoaringKitty,2024-05-17 10:45:36,TRUE,https://t.co/LQwhHgR49S,"Steve Wilkos Show meme where a woman says 'I’ma stick beside him,' symbolizing retail’s loyalty to Gill despite criticism.",22.21,"Posted 2:45 PM ET 17 May 2024; emphasizes retail solidarity despite media framing Gill as a villain, reinforcing community strength and commitment.","steve, wilkos, show, meme, where, woman, says, stick, beside, him, symbolizing, retail, loyalty, gill, despite, criticism"
1791476267990028621,@TheRoaringKitty,2024-05-17 10:30:00,TRUE,https://t.co/RgJem30gOD,"Someone praying to somber music then checking phone to see 'Roaring Kitty' underlined, symbolizing short sellers’ panic over Gill’s influence.",21.08,"Posted 2:30 PM ET 17 May 2024; mocks short sellers’ fear as retail holds strong, part of May 17’s intense tweet sequence, boosting retail confidence.","someone, praying, somber, music, then, checking, phone, see, roaring, kitty, underlined, symbolizing, short, sellers, panic, over, gill, influence"
1791472490637914238,@TheRoaringKitty,2024-05-17 10:15:00,TRUE,https://t.co/jPVR41YSwD,Ben Affleck smoking outside a GameStop,21.07,,"ben, affleck, smoking, outside, gamestop"
1791471332120527318,@TheRoaringKitty,2024-05-17 10:10:24,TRUE,https://t.co/AxQEDpUhYX,Men in Black – cat Orion with tiny galaxy on its collar.,22.21,Macro universe hidden on a cat; nod to scale & concealed value.,"men, black, cat, orion, tiny, galaxy, its, collar"
1791257325451493396,@TheRoaringKitty,2024-05-16 20:00:00,TRUE,https://t.co/jkiBquBlRD,Escape montage (Bourne → Drive) ending with sign 'Exit Strategy.,22.21,Hints a pre‑planned getaway once mission is done.,"escape, montage, bourne, drive, ending, sign, exit, strategy"
1791196925619789864,@TheRoaringKitty,2024-05-16 16:00:00,TRUE,https://t.co/7WHzNZYhSN,Succession edit – title card says 'Roaring Kitty is the Villain.,27.67,Self‑aware jab at media portrayal.,"succession, edit, title, card, says, roaring, kitty, villain"
1791193149408223306,@TheRoaringKitty,2024-05-16 15:45:00,TRUE,https://t.co/JqwaBJFI9i,Big Lebowski – The Dude discovers RC‑branded note.,28.35,Spotting Ryan Cohen's hidden 'sign' in market chaos.,"big, lebowski, dude, discovers, branded, note"
1791189376195854606,@TheRoaringKitty,2024-05-16 15:30:00,TRUE,https://t.co/LRHBtHAAg4,Garden State headphones scene – 'You gotta hear this one song …'.,28.9,"After the brutal slide, Gill tells followers to 'listen up' for the next beat.","garden, state, headphones, scene, you, gotta, hear, one, song"
1791185600453783688,@TheRoaringKitty,2024-05-16 15:15:00,TRUE,https://t.co/C0eyNRhMdD,Everything Everywhere All At Once awards‑desk monologue – cat‑themed trophies.,28.9,Signals RK's detective deep‑dive into filings; retail's 'story' hides in boring forms.,"everything, everywhere, all, once, awards, desk, monologue, cat, themed, trophies"
1791181824754106742,@TheRoaringKitty,2024-05-16 15:00:00,TRUE,https://t.co/PmJxWZW3du,High‑speed chase clip – 'I'm trying to do the right thing for you…'.,28.8,Weighs personal risk before pressing the fraud narrative.,"high, speed, chase, clip, trying, right, thing, you"
1791178049939182048,@TheRoaringKitty,2024-05-16 14:45:00,TRUE,https://t.co/LReCOcwdHo,School of Rock – 'Stick it to the man – gotta break rules.,29.43,Rallying cry to defy market gatekeepers.,"school, rock, stick, man, gotta, break, rules"
1791174276604699013,@TheRoaringKitty,2024-05-16 14:30:00,TRUE,https://t.co/HSVfRmHcGO,Teddybears 'Punkrocker' video – driver relaxes as police sirens close in.,27.52,Cops are coming'—acknowledges regulators but stays cool.,"teddybears, punkrocker, video, driver, relaxes, police, sirens, close"
1791170783277949042,@TheRoaringKitty,2024-05-16 14:16:07,TRUE,https://t.co/OJ3WoUFwmR,No Country for Old Men – 'You can't stop what's coming.,27.67,States squeeze is inevitable despite sell‑off.,"country, old, men, you, can, stop, what, coming"
1791166726891061749,@TheRoaringKitty,2024-05-16 14:00:00,TRUE,https://t.co/7v1Y8IaNuN,Sicario helicopter descent – 'So you wanna be a sicario?,26.85,Hints undercover enforcement phase against manipulators.,"sicario, helicopter, descent, you, wanna"
1791162950373527857,@TheRoaringKitty,2024-05-16 13:45:00,TRUE,https://t.co/uz7b11KJO4,Busta Rhymes 'Put Your Hands Where My Eyes Could See' intro ('Flipmode').,26.81,Flip‑mode' clue to read thread in reverse order.,"busta, rhymes, put, your, hands, where, eyes, could, see, intro, flipmode"
1791159177785770273,@TheRoaringKitty,2024-05-16 13:30:00,TRUE,https://t.co/1vYX2II5JV,"The Shining scene of Jack Nicholson’s “Here’s Johnny!” moment, symbolizing an inevitable breakthrough.",26.91,"Posted 5:30 PM ET 16 May 2024; implies retail’s persistence will shatter short sellers’ defenses, despite the day’s brutal sell-off.","shining, scene, jack, nicholson, here, johnny, moment, symbolizing, inevitable, breakthrough"
1791155401091596494,@TheRoaringKitty,2024-05-16 13:15:00,TRUE,https://t.co/vxGawidocD,Joeseph Gordon Levitt saying he makes memes in roof scene eating,27.19,"Posted 5:15 PM ET 16 May 2024; reflects retail’s aggressive push forward despite market chaos, mid-May 16 tweet storm.","joeseph, gordon, levitt, saying, makes, memes, roof, scene, eating"
1791151631259574559,@TheRoaringKitty,2024-05-16 13:00:01,TRUE,https://t.co/JakyQfGDUt,"Pixar Luca - What does it mean the thing you just said, c’mon I show you some more stuff",27.67,Posted 5 PM ET 16 May 2024; warns short sellers that their defenses are inadequate against retail’s squeeze potential.,"pixar, luca, what, does, mean, thing, you, just, said, mon, show, some, more, stuff"
1791147851466047673,@TheRoaringKitty,2024-05-16 12:45:00,TRUE,https://t.co/Qhz4MIqlyd,"Signs scene of Mel Gibson saying “This might disturb you,” revealing an alien in the cornfield.",26.38,"Posted 4:45 PM ET 16 May 2024; hints at unsettling market truths (e.g., naked shorts) about to be exposed, part of *Signs* sequence.","signs, scene, mel, gibson, saying, might, disturb, you, revealing, alien, cornfield"
1791144075963298165,@TheRoaringKitty,2024-05-16 12:30:00,TRUE,https://t.co/HCme1K7lVc,Signs zoom out in field to see GameStop logo,27.2,,"signs, zoom, out, field, see, gamestop, logo"
1791140301895352325,@TheRoaringKitty,2024-05-16 12:15:00,TRUE,https://t.co/PYlfBZdZsV,"Signs scene of aliens communicating via radio static, captioned “They’re talking.”",27.28,"Posted 4:15 PM ET 16 May 2024; suggests retail investors are coordinating or uncovering hidden market signals, part of *Signs* thread.","signs, scene, aliens, communicating, via, radio, static, captioned, they, talking"
1791136527801807077,@TheRoaringKitty,2024-05-16 12:00:00,TRUE,https://t.co/aYRMSrUDlY,Signs scene of Graham asking “What do you have to ask yourself?” about alien intentions.,27.255,"Posted 4 PM ET 16 May 2024; prompts retail to question Wall Street’s motives, reinforcing the *Signs* narrative of hidden threats.","signs, scene, graham, asking, what, you, ask, yourself, about, alien, intentions"
1791132751976120778,@TheRoaringKitty,2024-05-16 11:45:00,TRUE,https://t.co/5QsiVW8GH4,"Signs scene of an alien spotted on a rooftop, heightening tension.",28.935,"Posted 3:45 PM ET 16 May 2024; builds suspense, implying short sellers’ exposure is imminent, part of *Signs* sequence.","signs, scene, alien, spotted, rooftop, heightening, tension"
1791128976632459643,@TheRoaringKitty,2024-05-16 11:30:00,TRUE,https://t.co/EPYD0OZA29,"Sex and the City montage of Carrie embracing her inner strength, captioned “The modern woman within to take on the big city.”",29.3,Posted 3:30 PM ET 16 May 2024; likens retail investors to empowered underdogs challenging Wall Street’s elite.,"sex, city, montage, carrie, embracing, her, inner, strength, captioned, modern, woman, within, take, big"
1791125203147428066,@TheRoaringKitty,2024-05-16 11:15:00,TRUE,https://t.co/OgOUSbZLtA,"Best in Show scene of a dog show, mashed with a dancing cat in a cityscape, captioned “Best Friend Brand City.”",29.385,"Posted 3:15 PM ET 16 May 2024; playful nod to Chewy (pet brand) and retail’s loyalty, possibly hinting at CHWY-GME synergy.","best, show, scene, dog, mashed, dancing, cat, cityscape, captioned, friend, brand, city"
1791121430836584789,@TheRoaringKitty,2024-05-16 11:00:01,TRUE,https://t.co/bvb6enDG6Z,"1990s Goosebumps title card — 'Reader, beware…'.",27.67,Warns that filings & plumbing DD will scare unprepared bears.,"1990s, goosebumps, title, card, reader, beware"
1791117652276195516,@TheRoaringKitty,2024-05-16 10:45:00,TRUE,https://t.co/teQNOovoKM,REMOVED Brittany Spears song,29.68,,"removed, brittany, spears, song"
1791113879684325383,@TheRoaringKitty,2024-05-16 10:30:00,TRUE,https://t.co/S89VFdzzyH,"The Godfather scene of Michael Corleone saying “Pay strict attention to what I say, choose words carefully.”",30.1,Posted 2:30 PM ET 16 May 2024; warns retail to parse Gill’s tweets and filings meticulously for hidden clues.,"godfather, scene, michael, corleone, saying, pay, strict, attention, what, say, choose, words, carefully"
1791110102797172804,@TheRoaringKitty,2024-05-16 10:15:00,TRUE,https://t.co/QxVpmjCqNe,"Kill Bill scene of the Bride flinching before striking, symbolizing readiness for battle.",30.9101,"Posted 2:15 PM ET 16 May 2024; signals retail’s coiled tension, poised to counterattack after the day’s sell-off.","kill, bill, scene, bride, flinching, before, striking, symbolizing, readiness, battle"
1791106334517010680,@TheRoaringKitty,2024-05-16 10:00:01,TRUE,https://t.co/cWqys08fhq,WarGames scene with “Shall we play a game?” leading into a Lucky Number Slevin “Kansas City Shuffle” montage.,27.67,"Posted 2 PM ET 16 May 2024; implies a strategic misdirection to outwit shorts, framing the market as a high-stakes game.","wargames, scene, shall, play, game, leading, into, lucky, number, slevin, kansas, city, shuffle, montage"
1790894938277695671,@TheRoaringKitty,2024-05-15 20:00:01,TRUE,https://t.co/y4Cbh1Nbpc,Shawshank Redemption tunnel‑escape montage (2 min 05 s),27.67,Framed as Andy's breakout → retail's long tunnel to freedom; kicked off the May‑16 pre‑market hype (3.3 M views).,"shawshank, redemption, tunnel, escape, montage, min"
1790834536403574936,@TheRoaringKitty,2024-05-15 16:00:00,TRUE,https://t.co/tHqrhmatRI,Radiohead Karma Police Man running and collapsing in font of car,39.55,,"radiohead, karma, police, man, running, collapsing, font, car"
1790830761542664192,@TheRoaringKitty,2024-05-15 15:45:00,TRUE,https://t.co/24S73RE9Mm,Alice in wonderland Matrix follow the white rabbit,35.4,,"alice, wonderland, matrix, follow, white, rabbit"
1790826988019528035,@TheRoaringKitty,2024-05-15 15:30:00,TRUE,https://t.co/fiZAZrL7RO,"Tenet scene of a bullet reversing through a wall, illustrating manipulated causality.",35.91,"Posted 7:30 PM ET 15 May 2024; suggests market mechanics (e.g., short interest) are being artificially reversed, urging retail to see through it.","tenet, scene, bullet, reversing, through, wall, illustrating, manipulated, causality"
1790823211745063394,@TheRoaringKitty,2024-05-15 15:15:00,TRUE,https://t.co/lXyOQTd266,Youtube game clip DunkeyBest,36.02,"Posted 7:15 PM ET 15 May 2024; mirrors the wild, unpredictable nature of GME’s market moves, hyping retail for the ride.","youtube, game, clip, dunkeybest"
1790819440617033914,@TheRoaringKitty,2024-05-15 15:00:01,TRUE,https://t.co/p8oUaJK33e,"The Truman Show scene of Truman realizing there’s no rescue boat, captioned “He’ll turn back.”",39.55,"Posted 7 PM ET 15 May 2024; implies shorts expect retail to give up, but Gill signals defiance and persistence.","truman, show, scene, realizing, there, rescue, boat, captioned, turn, back"
1790815662203617755,@TheRoaringKitty,2024-05-15 14:45:00,TRUE,https://t.co/J2qiVMqeNA,"Jim Carrey clip – red price chart sinks, grin turns sinister as it rebounds.",36.75,"Smile fades then widens: shorts may gloat early, but RK expects the snap‑back.","jim, carrey, clip, red, price, chart, sinks, grin, turns, sinister, rebounds"
1790812277530034448,@TheRoaringKitty,2024-05-15 14:31:33,TRUE,https://t.co/zMK5ERB20n,Cartoon bear lounging in pink recliner while a stealthy kitty creeps up.,39.55,"Reply to Jim Cramer; sleepy bear = complacent shorts, cat = retail stalking prey.","cartoon, bear, lounging, pink, recliner, while, stealthy, kitty, creeps"
1790808112741630320,@TheRoaringKitty,2024-05-15 14:15:00,TRUE,https://t.co/6e5fau3Pok,Moody montage to Nick Cave's 'Red Right Hand' – suited figure stalks victim.,36.33,Peaky‑Blinders vibe—ominous 'red hand' of justice closing on manipulators.,"moody, montage, nick, cave, red, right, hand, suited, figure, stalks, victim"
1790804340673789978,@TheRoaringKitty,2024-05-15 14:00:01,TRUE,https://t.co/gsnOKd9HO8,Beat Saber gameplay to 'Freaks'; vibing cat dances across the screen.,39.55,Hype track calling the 'freak' apes to the floor for the next volatility wave.,"beat, saber, gameplay, freaks, vibing, cat, dances, across, screen"
1790800562654691686,@TheRoaringKitty,2024-05-15 13:45:00,TRUE,https://t.co/TybdTPbmkb,"SNL 'Old Friends' reunion sketch, names swapped to 'Keith'.",37.22,"After 3‑year silence, RK greets the community like an eccentric pal back in town.","snl, old, friends, reunion, sketch, names, swapped, keith"
1790796790360363016,@TheRoaringKitty,2024-05-15 13:30:00,TRUE,https://t.co/8c3fQp5xrY,Seinfeld clip – George flies cross‑country for one epic zing.,36.16,Mocks haters: RK will spend real effort to clap back with memes (and gains).,"seinfeld, clip, george, flies, cross, country, one, epic, zing"
1790793012936851665,@TheRoaringKitty,2024-05-15 13:15:00,TRUE,https://t.co/ANieK6KsU8,"Narrator blames Keith Gill; cut to The Rock yelling 'Shut up, bitch!",35.69,Legal finger‑pointing dismissed; personal responsibility for trades reinforced.,"narrator, blames, keith, gill, cut, rock, yelling, shut, bitch"
1790789242513433071,@TheRoaringKitty,2024-05-15 13:00:01,TRUE,https://t.co/UGzO9MDbn5,Usual Suspects reveal – sketch flips to 'I'll do it again' meme.,39.55,Hedge funds realize RK was 'in the station all along'; the trap resets.,"usual, suspects, reveal, sketch, flips, again, meme"
1790785463118348420,@TheRoaringKitty,2024-05-15 12:45:00,TRUE,https://t.co/4n6G7bIuO0,Dark Knight Rises – Bane: 'It doesn't matter who we are; what matters is our plan.,37.065,"Identity secondary; coordinated strategy (DRS, patience) will crush shorts.","dark, knight, rises, bane, doesn, matter, who, what, matters, our, plan"
1790781688848450012,@TheRoaringKitty,2024-05-15 12:30:00,TRUE,https://t.co/ouKT9z2Wzh,Oceans 12 crew‑up → boxed heist gag → Joker hospital explosion.,36.7,Band assembling for bigger score; years of 'waiting' poised to detonate.,"oceans, crew, boxed, heist, gag, joker, hospital, explosion"
1790777913245421806,@TheRoaringKitty,2024-05-15 12:15:00,TRUE,https://t.co/8ZMx6JYbJD,Snoop Dogg 'Gin & Juice' cut with Scarlet Envy 'Am I the drama?,40.3397,"Self‑aware wink: yes, RK stirs drama—but only to expose market rot.","snoop, dogg, gin, juice, cut, scarlet, envy, drama"
1790774146994966570,@TheRoaringKitty,2024-05-15 12:00:02,TRUE,https://t.co/zrOdZ6Uw79,Spider‑Man dark‑suit clip morphs into Black Swan transformation.,39.55,Signals an unpredictable 'black‑swan' squeeze with brutal consequences.,"spider, man, dark, suit, clip, morphs, into, black, swan, transformation"
1790770363627921776,@TheRoaringKitty,2024-05-15 11:45:00,TRUE,https://t.co/Q4QemyZJ2E,"Pizza sliced into tiny pieces, plastered with Reddit awards & old position post.",39.735,Lampoons absurd number of awards showered on 2021 YOLO update.,"pizza, sliced, into, tiny, pieces, plastered, reddit, awards, old, position, post"
1790766591526735887,@TheRoaringKitty,2024-05-15 11:30:00,TRUE,https://t.co/jeRovN3azL,Missy Elliott 'Gossip Folks' video; scrolling emoji timeline.,40.23,Three‑year saga retold in icons—ending with rocket & beer for coming celebration.,"missy, elliott, gossip, folks, video, scrolling, emoji, timeline"
1790762813868175516,@TheRoaringKitty,2024-05-15 11:15:00,TRUE,https://t.co/InRiaUXngO,Love Actually cue‑card confession; RC photos taped over.,39.4017,RK admits thesis evolved; now fully team‑Ryan Cohen for end‑game.,"love, actually, cue, card, confession, photos, taped, over"
1790759048985612468,@TheRoaringKitty,2024-05-15 11:00:02,TRUE,https://t.co/wAYuW9vVz9,Endgame Thor vs Star‑Lord leadership banter.,39.55,"RK & RC on same side—friendly who‑leads dynamic, united against shorts.","endgame, thor, star, lord, leadership, banter"
1790755264733626879,@TheRoaringKitty,2024-05-15 10:45:00,TRUE,https://t.co/weH6cBvWIt,CNBC asks if RK runs GameStop; smash‑cut to Superbad doodle montage.,36.9,Laughing off pundits who credit him with control; media narrative = junk.,"cnbc, asks, runs, gamestop, smash, cut, superbad, doodle, montage"
1790751492451754012,@TheRoaringKitty,2024-05-15 10:30:01,TRUE,https://t.co/Fmztsa1NQf,Oceans 11 planning scene dubbed 'the Cohen Crunch'; shout‑out to u/avocado‑in‑my‑anus.,39.55,Easter egg links Oct 29 'Happy Cat Day' posts; hints at RC‑centric plot.,"oceans, planning, scene, dubbed, cohen, crunch, shout, out, avocado, anus"
1790747714440892825,@TheRoaringKitty,2024-05-15 10:15:00,TRUE,https://t.co/sgsS2z11ex,Breaking Bad confession – Walt shows Skylar cash stash.,36.865,Parallel to explaining massive GME gains (and memes) to baffled family.,"breaking, bad, confession, walt, shows, skylar, cash, stash"
1790743946764644659,@TheRoaringKitty,2024-05-15 10:00:01,TRUE,https://t.co/C49r1JfuQ8,Fight Club 'Tyler Durden' identity twist redubbed with DFV/RK.,39.55,Reveals Gill's dual personas; foreshadows financial‑system detonation.,"fight, club, tyler, durden, identity, twist, redubbed, dfv"
1790740164848861227,@TheRoaringKitty,2024-05-15 09:45:00,TRUE,https://t.co/vX7cFnd0Nd,Family Guy clip of Peter Griffin rapping “They’re messing with me!”,36.8582,"Posted 1:45 PM ET 15 May 2024; vents frustration at market manipulators, rallying retail to push back.","family, guy, clip, peter, griffin, rapping, they, messing"
1790736391124774975,@TheRoaringKitty,2024-05-15 09:30:00,TRUE,https://t.co/Ftw7Wv83v5,"Moon Knight game clip synced to Kid Cudi’s “Day ‘N’ Nite,” symbolizing duality and persistence.",34.7,Posted 1:30 PM ET 15 May 2024; reflects Gill’s dual role (meme-lord/investor) and retail’s round-the-clock fight.,"moon, knight, game, clip, synced, kid, cudi, day, nite, symbolizing, duality, persistence"
1790732615022195139,@TheRoaringKitty,2024-05-15 09:15:00,TRUE,https://t.co/GmNDRWH7Xb,"Chappelle’s Show Wu-Tang Financial skit, with Dave yelling “Get your hand out my face!”",34.185,Posted 1:15 PM ET 15 May 2024; humorous jab at Wall Street’s attempts to control retail’s narrative or gains.,"chappelle, show, tang, financial, skit, dave, yelling, get, your, hand, out, face"
1790728848226521547,@TheRoaringKitty,2024-05-15 09:00:02,TRUE,https://t.co/Q4zl2dMXE0,"Star Wars: The Empire Strikes Back scene of Han Solo navigating an asteroid field, captioned “Never tell me the odds!”",39.55,"Posted 1 PM ET 15 May 2024; embodies retail’s fearless approach to GME’s volatile market, defying skeptics.","star, wars, empire, strikes, back, scene, han, solo, navigating, asteroid, field, captioned, never, tell, odds"
1790725065585439065,@TheRoaringKitty,2024-05-15 08:45:00,TRUE,https://t.co/WrtKF6l3MB,"Ozark montage set to Radiohead’s “The Daily Mail,” highlighting financial corruption.",33.5542,"Posted 12:45 PM ET 15 May 2024; critiques Wall Street’s shady practices, aligning with retail’s anti-establishment stance.","ozark, montage, set, radiohead, daily, mail, highlighting, financial, corruption"
1790721293089964126,@TheRoaringKitty,2024-05-15 08:30:00,TRUE,https://t.co/mzVJ5eEm3u,"Blade Runner 2049 scene of analysts zooming in on evidence, captioned “What is he doing? Is it a game? Is he threatening us? Enhance.”",33.39,"Posted 12:30 PM ET 15 May 2024; mocks Wall Street’s paranoia over Gill’s cryptic tweets, implying he’s exposing their weaknesses.","blade, runner, 2049, scene, analysts, zooming, evidence, captioned, what, doing, game, threatening, enhance"
1790717515523658119,@TheRoaringKitty,2024-05-15 08:15:00,TRUE,https://t.co/D1bHJd0C1G,The Prestige scene of a magician explaining how to transform the ordinary into the extraordinary.,33.0501,Posted 12:15 PM ET 15 May 2024; likens Gill’s meme strategy to turning mundane market data into a revolutionary movement.,"prestige, scene, magician, explaining, how, transform, ordinary, into, extraordinary"
1790713748866371690,@TheRoaringKitty,2024-05-15 08:00:02,TRUE,https://t.co/CE1TuLyjgy,"Montage of a redhead walking through a crowd, with a GameStop logo on her chest.",39.55,"Posted 12 PM ET 15 May 2024; bold branding of GameStop loyalty, possibly signaling retail’s growing cultural impact.","montage, redhead, walking, through, crowd, gamestop, logo, her, chest"
1790532552828289526,@TheRoaringKitty,2024-05-14 20:00:01,TRUE,https://t.co/qSUSX5MxeG,Braveheart scene of William Wallace yelling “GAMESTOOOOOPPPPP!” before battle.,39.55,"Posted midnight ET 15 May 2024; war cry rallying retail for the GME fight, amplifying pre-market hype.","braveheart, scene, william, wallace, yelling, gamestoooooppppp, before, battle"
1790472153470759217,@TheRoaringKitty,2024-05-14 16:00:01,TRUE,https://t.co/qyO5lGsD9I,No Country for Old Men scene of Anton Chigurh mocking a day trader’s naivety.,48.75,Posted 8 PM ET 14 May 2024; scorns short-term traders who underestimate retail’s long-term strategy.,"country, old, men, scene, anton, chigurh, mocking, day, trader, naivety"
1790464599575167004,@TheRoaringKitty,2024-05-14 15:30:00,TRUE,https://t.co/ZLrt6grVkB,"The Revenant scene of Hugh Glass confronting a bear, captioned “I came for you.”",55.88,Posted 7:30 PM ET 14 May 2024; depicts retail as a relentless force hunting down short sellers.,"revenant, scene, hugh, glass, confronting, bear, captioned, came, you"
1790457051115847720,@TheRoaringKitty,2024-05-14 15:00:00,TRUE,https://t.co/FhcR2Eobs5,"Scream scene discussing a “requel,” implying a sequel with original stakes.",55.2,"Posted 7 PM ET 14 May 2024; frames GME’s 2024 surge as a revival of the 2021 squeeze, blending old and new narratives.","scream, scene, discussing, requel, implying, sequel, original, stakes"
1790449499506192405,@TheRoaringKitty,2024-05-14 14:30:00,TRUE,https://t.co/MWjb16gYMP,Kill Bill church‑massacre stand‑off (Bride vs Crazy 88).,55.2,,"kill, bill, church, massacre, stand, off, bride, crazy"
1790441953659687421,@TheRoaringKitty,2024-05-14 14:00:01,TRUE,https://t.co/LgKefmt2Bk,Batman the signal is a warning,48.75,,"batman, signal, warning"
1790434400494116873,@TheRoaringKitty,2024-05-14 13:30:00,TRUE,https://t.co/03iJsSZobH,"Old School (2003) dean’s‑office line: “They found a loophole… quite an anomaly,” spotlighting rule‑bending paperwork.",52.31,Metaphor for shorts exploiting regulatory loopholes.,"old, school, 2003, dean, office, line, they, found, loophole, quite, anomaly, spotlighting, rule, bending, paperwork"
1790426851409817615,@TheRoaringKitty,2024-05-14 13:00:00,TRUE,https://t.co/Q8CeR0FmZh,"Ocean’s Eleven planning scene—Rusty tells Danny “It’s never been done before,” framing the squeeze as a once‑in‑history caper.",53.3489,Posted 5 PM ET 14 May 2024; Gill implies retail is preparing an unprecedented move.,"ocean, eleven, planning, scene, rusty, tells, danny, never, been, done, before, framing, squeeze, once, history, caper"
1790419301976903884,@TheRoaringKitty,2024-05-14 12:30:00,TRUE,https://t.co/RYKHUjT3NJ,"Kingsman: The Secret Service pub fight—Galahad locks the door: “Manners. Maketh. Man.” then wrecks the thugs, warning shorts they’ll be served.",54.52,Posted 4:30 PM ET 14 May 2024; classy yet brutal notice to foes.,"kingsman, secret, service, pub, fight, galahad, locks, door, manners, maketh, man, then, wrecks, thugs, warning, shorts, they, served"
1790411757120561628,@TheRoaringKitty,2024-05-14 12:00:01,TRUE,https://t.co/pFQoinsrZt,Mash‑up: (1) The Town—Ben Affleck: “I need your help… we’re going to hurt some people.” (2) Smash‑cut to Mad Max: Fury Road war‑rig chase with Rammstein’s “Du Hast.”,48.75,"Posted 4 PM ET 14 May 2024; calls the community to gear up for an all‑out, high‑octane battle.","mash, town, ben, affleck, need, your, help, going, hurt, some, people, smash, cut, mad, max, fury, road, war, rig, chase, rammstein, hast"
1790404203715887238,@TheRoaringKitty,2024-05-14 11:30:00,TRUE,https://t.co/hatmNcAHiX,"TikTok @catsbefamous “When you f*** around, you find out” glare‑cat over Buster’s Arrested Development rant (“I’m Mom, I shoot down everything you say”).",46.4,"Posted 3:30 PM ET 14 May 2024; cat = retail glare, Buster = shorts’ ego getting checked.","tiktok, catsbefamous, when, you, around, find, out, glare, cat, over, buster, arrested, development, rant, mom, shoot, down, everything, say"
1790396654971224430,@TheRoaringKitty,2024-05-14 11:00:01,TRUE,https://t.co/5zzbQjHppH,"Achilles‑vs‑Hector duel from Troy synced to A Perfect Circle’s “Counting Bodies Like Sheep,” casting retail vs. shorts as an epic duel.",48.75,Posted 3 PM ET 14 May 2024; epic stakes before shareholder meeting.,"achilles, hector, duel, troy, synced, perfect, circle, counting, bodies, like, sheep, casting, retail, shorts, epic"
1790170162265460831,@TheRoaringKitty,2024-05-13 20:00:01,TRUE,https://t.co/xRkL0H5cOS,REMOVED,48.75,"Posted midnight ET 14 May 2024; content removed, possibly due to legal or platform issues; context unclear but likely part of early GME hype.",removed
1790109766389477525,@TheRoaringKitty,2024-05-13 16:00:01,TRUE,https://t.co/dnv4XK7NA9,"Peaky Blinders scene of Tommy Shelby saying “Stop spinning yarns about me, eh?”",30.45,"Posted 8 PM ET 13 May 2024; dismisses media narratives vilifying Gill, reasserting his focus on retail’s mission.","peaky, blinders, scene, tommy, shelby, saying, stop, spinning, yarns, about"
1790102212619669909,@TheRoaringKitty,2024-05-13 15:30:00,TRUE,https://x.com/TheRoaringKitty/status/1790102212619669909,Mash‑up video: (1) Pirates of the Caribbean: Dead Man’s Chest — Captain Barbossa storms in: “So tell me… what’s become of my ship?” (2) Smash‑cut to Men in Black (1997) car chase — Agent K: “Remember the little red button? … Push the little red button.” Jay slams it and the Ford LTD rockets into hyperspeed.,35.05,"Posted 7:30 PM ET 13 May 2024 (GME $30.45 close). Gill frames retail’s fear that the “ship” (GME) is lost, then answers with the red‑button moment: one press unleashes supersonic acceleration. Hints a violent rebound after suppression.","mash, video, pirates, caribbean, dead, man, chest, captain, barbossa, storms, tell, what, become, ship, smash, cut, men, black, 1997, car, chase, agent, remember, little, red, button, push, jay, slams, ford, ltd, rockets, into, hyperspeed"
1790094668237259040,@TheRoaringKitty,2024-05-13 15:00:01,TRUE,https://t.co/fKbdQct1KL,"Tombstone scene with Doc Holliday (Val Kilmer) declaring 'it's a reckoning,' followed by 'I'm coming and hell's coming with me,' set to 'Narco' music, symbolizing retail's intense confrontation with short sellers.",30.45,"Posted at 7 PM ET on May 13, 2024, during a day of high volatility for GME (closed at $30.45, up from previous close), signaling retail's determination to challenge short sellers and anticipate a major market move.","tombstone, scene, doc, holliday, val, kilmer, declaring, reckoning, followed, coming, hell, set, narco, music, symbolizing, retail, intense, confrontation, short, sellers"
1790087112282239085,@TheRoaringKitty,2024-05-13 14:30:00,TRUE,https://t.co/e7y7FKpapG,"Western movie showdown scene, likely from The Good, the Bad and the Ugly with Clint Eastwood in a gunfight standoff, crowd cheering and music added, symbolizing the tense standoff between retail and short sellers.",32.06,"Posted at 6:30 PM ET on May 13, 2024, as GME experienced significant volatility (closed at $30.45), reflecting the high-stakes battle in the market, rallying retail for the fight.","western, movie, showdown, scene, likely, good, bad, ugly, clint, eastwood, gunfight, standoff, crowd, cheering, music, added, symbolizing, tense, between, retail, short, sellers"
1790079562866360327,@TheRoaringKitty,2024-05-13 14:00:00,TRUE,https://t.co/fGJPsi20DI,"The Avengers scene where Nick Fury says 'I'm here to talk to you about the Avengers Initiative,' symbolizing Gill rallying retail investors to unite against market manipulators.",33.299,"Posted at 6 PM ET on May 13, 2024, during a day of high trading volume for GME (187,241,700 shares), indicating retail's collective strength and coordination, boosting morale.","avengers, scene, where, nick, fury, says, here, talk, you, about, initiative, symbolizing, gill, rallying, retail, investors, unite, against, market, manipulators"
1790064464357724451,@TheRoaringKitty,2024-05-13 13:00:00,TRUE,https://t.co/2dOMdWUMMv,"Drive movie scene with an overhead camera following a car that makes a sudden turn off the highway into the night, symbolizing retail investors' strategic and unexpected market maneuvers.",31.17,"Posted at 5 PM ET on May 13, 2024, as GME's price swung widely, reflecting retail's tactical responses to market conditions, encouraging agility.","drive, movie, scene, overhead, camera, following, car, makes, sudden, turn, off, highway, into, night, symbolizing, retail, investors, strategic, unexpected, market, maneuvers"
1790056912664601031,@TheRoaringKitty,2024-05-13 12:30:00,TRUE,https://t.co/rsRQaVLnch,"Gangs of New York scene where Bill the Butcher says 'the blood stays on the blade,' followed by alliance confirmation, with an inverted color filter on the final gangs meeting, symbolizing retail's commitment and unity against market adversaries.",31.2492,"Posted at 4:30 PM ET on May 13, 2024, during a day when GME's price reached a high of $38.20, indicating retail's strong hold and unity, rallying them for a coordinated push.","gangs, new, york, scene, where, bill, butcher, says, blood, stays, blade, followed, alliance, confirmation, inverted, color, filter, final, meeting, symbolizing, retail, commitment, unity, against, market, adversaries"
1790049362846117942,@TheRoaringKitty,2024-05-13 12:00:00,TRUE,https://t.co/8YSKm1N3IJ,"V for Vendetta scene with 'First the overture,' followed by Game of Thrones scene where Daenerys holds hands, closes eyes, and a dragon awakes with red eyes, symbolizing retail's revolutionary spirit awakening a powerful force (GME) against oppressors.",30.4483,"Posted at 4 PM ET on May 13, 2024, as GME's price was volatile, reflecting retail's intent to disrupt the market status quo, hyping them for a transformative move.","vendetta, scene, first, overture, followed, game, thrones, where, daenerys, holds, hands, closes, eyes, dragon, awakes, red, symbolizing, retail, revolutionary, spirit, awakening, powerful, force, gme, against, oppressors"
1790041813379850491,@TheRoaringKitty,2024-05-13 11:30:00,TRUE,https://t.co/XAQ8v5dMlH,"Ferris Bueller's Day Off scene where Ferris says 'You're still here? It's over,' followed by Breaking Bad scene with 'We're done when I say we're done,' and a cat lounging to Radiohead's 'Exit Music,' symbolizing retail's control over the narrative and timing of market events.",30.0901,"Posted at 3:30 PM ET on May 13, 2024, during a day of significant price swings for GME, asserting retail's dominance in determining the market's direction, boosting confidence.","ferris, bueller, day, off, scene, where, says, you, still, here, over, followed, breaking, bad, done, when, say, cat, lounging, radiohead, exit, music, symbolizing, retail, control, narrative, timing, market, events"
1790034263603139012,@TheRoaringKitty,2024-05-13 11:00:00,TRUE,https://t.co/bwtNwY4tuP,"Avengers: Endgame scene where Thanos says 'I'll do it myself,' followed by Wolverine's awakening scene, symbolizing retail taking control and unleashing their power against market manipulators.",30.63,"Posted at 3 PM ET on May 13, 2024, as GME's price was climbing, reflecting retail's empowerment and readiness to act, rallying them for a decisive push.","avengers, endgame, scene, where, thanos, says, myself, followed, wolverine, awakening, symbolizing, retail, taking, control, unleashing, their, power, against, market, manipulators"
1789807772542067105,@TheRoaringKitty,2024-05-12 20:00:00,TRUE,https://t.co/YgjVqtgcNS,"Meme of a gamer sitting up in a chair with a red arrow, captioned 'getting interesting,' symbolizing retail's alertness to GME's market movements at the start of a volatile day.",30.45,"Posted at midnight ET on May 13, 2024, signaling the beginning of a day with high trading volume and price swings for GME, setting the tone for retail engagement and anticipation.","meme, gamer, sitting, chair, red, arrow, captioned, getting, interesting, symbolizing, retail, alertness, gme, market, movements, start, volatile, day"
1406054126555967495,@TheRoaringKitty,2021-06-18 21:00:01,TRUE,https://t.co/lKvBItR8lE,"Image of a cat sleeping and lounging, symbolizing a period of rest after intense market activity post-GME shareholder meeting.",,"Posted at 1 AM ET on June 19, 2021, following the GME shareholder meeting on June 9, 2021, indicating a temporary lull or Gill taking a break, with GME closing at $213.82 on June 18, 2021.","image, cat, sleeping, lounging, symbolizing, period, rest, after, intense, market, activity, post, gme, shareholder, meeting"
1405586077830815756,@TheRoaringKitty,2021-06-17 14:00:10,FALSE,https://t.co/4sewq1In1E,REMOVED / BROKEN‑MEDIA — still image/video was taken down shortly after posting.,223.59,Media never mirrored; row left as a placeholder until an archival copy surfaces.,"removed, broken, media, still, image, video, taken, down, shortly, after, posting"
1405540937657315352,@TheRoaringKitty,2021-06-17 11:00:47,TRUE,https://t.co/oVPAEZ9eSI,"A scene from The Prestige showing a magician performing a fishbowl trick, symbolizing deception and dedication.",223.59,"Posted 1 AM ET 19 Jun 2021; likely signals Gill’s temporary withdrawal from public posting after the 2021 GME squeeze, a calm before his 2024 return.","scene, prestige, showing, magician, performing, fishbowl, trick, symbolizing, deception, dedication"
1405340821520592896,@TheRoaringKitty,2021-06-16 21:45:36,TRUE,https://t.co/0hXk659KGP,"The Son of Man painting with a GameStop logo, symbolizing hidden plans (Ryan Cohen’s strategy).",223.59,"Posted at 1:45 AM ET on June 17, 2021; nocturnal post likely encouraging retail persistence, based on community analysis ([Reddit r/Superstonk post](https://www.reddit.com/r/Superstonk/comments/oxr3o4/a_visual_interpretation_of_roaring_kittys_tweets/)).","son, man, painting, gamestop, logo, symbolizing, hidden, plans, ryan, cohen, strategy"
1405258938543742976,@TheRoaringKitty,2021-06-16 16:20:14,TRUE,https://t.co/qzeImkFcvV,"A GIF from Seinfeld showing Elaine Benes (Julia Louis-Dreyfus) with a shocked expression, symbolizing a reaction to market events.",222.97,"Posted at 8:20 PM ET on June 16, 2021; evening post during GME’s post-meeting hype, likely rallying investors, based on reply analysis.","gif, seinfeld, showing, elaine, benes, julia, louis, dreyfus, shocked, expression, symbolizing, reaction, market, events"
1405204944471445505,@TheRoaringKitty,2021-06-16 12:45:40,TRUE,https://t.co/t6ccl56fEi,"An image from Veep showing Selina Meyer (Julia Louis-Dreyfus) with a concerned expression, symbolizing persistence.",222.97,"Posted at 4:45 PM ET on June 16, 2021; mid-day post sustaining GME momentum, based on reply analysis.","image, veep, showing, selina, meyer, julia, louis, dreyfus, concerned, expression, symbolizing, persistence"
1405163374351167497,@TheRoaringKitty,2021-06-16 10:00:29,TRUE,https://t.co/f4E0crWsQg,"A scene from The Bourne Identity showing Jason Bourne (Matt Damon) in a tense moment, likely the pen fight, symbolizing resilience.",222.97,"Posted at 2 PM ET on June 16, 2021; daytime post engaging retail investors, based on reply analysis.","scene, bourne, identity, showing, jason, matt, damon, tense, moment, likely, pen, fight, symbolizing, resilience"
1405008983929196546,@TheRoaringKitty,2021-06-15 23:47:00,TRUE,https://t.co/aF85IqCw23,"An image of a cat peeking through a hole in the wall, symbolizing a breakthrough or investigation.",222.97,"Posted at 3:47 AM ET on June 16, 2021; early morning post reflecting Gill’s active schedule, based on direct content analysis.","image, cat, peeking, through, hole, wall, symbolizing, breakthrough, investigation"
1404876392932810755,@TheRoaringKitty,2021-06-15 15:00:08,TRUE,https://t.co/31kHvJWjrw,"Tenet clip with hand smashing, symbolizing lessons being forced.",222.5,"Posted at 7 PM ET on June 15, 2021; evening post amplifying retail sentiment, based on community analysis ([Reddit r/Superstonk post](https://www.reddit.com/r/Superstonk/comments/oxr3o4/a_visual_interpretation_of_roaring_kittys_tweets/)).","tenet, clip, hand, smashing, symbolizing, lessons, being, forced"
1404831172946018305,@TheRoaringKitty,2021-06-15 12:00:26,TRUE,https://t.co/r0RnsIW0jK,"Mr. Robot S01E03 clip – Elliot tells Krista, I don't bother with the why highlighting pure cause‑and‑effect hacking.",222.5,"Posted 4:00 PM ET 15 Jun 2021; Gill frames his DD as action‑oriented: expose the exploit, skip the philosophizing.","robot, s01e03, clip, elliot, tells, krista, don, bother, why, highlighting, pure, cause, effect, hacking"
1404812396108075008,@TheRoaringKitty,2021-06-15 10:45:50,TRUE,https://t.co/TaIzlpehKS,The Five‑Year Engagement (2012) kitchen freak‑out – Violet's rapid Ay‑yi‑yi‑yi!' when plans derail.,222.5,Posted 2:45 PM ET 15 Jun 2021; comic panic mirroring retail nerves when price swings abruptly.,"five, year, engagement, 2012, kitchen, freak, out, violet, rapid, when, plans, derail"
1404468676493971458,@TheRoaringKitty,2021-06-14 12:00:00,TRUE,https://t.co/pnUAnrGOnv,Kicking & Screaming (2005) coffee‑line scene – Will Ferrell berates stranger's complicated order.,57.2,Posted 4:00 PM ET 14 Jun 2021; pokes fun at analysts over‑complicating a simple buy‑and‑hold thesis.,"kicking, screaming, 2005, coffee, line, scene, will, ferrell, berates, stranger, complicated, order"
1404446108802293766,@TheRoaringKitty,2021-06-14 10:30:20,TRUE,https://t.co/E6KGFsfhB3,Don Purrleone repost – Bird repeatedly tries to eat the cat clip from @SixStinkyCats.,229.44,Posted 2:30 PM ET 14 Jun 2021; shorts (bird) biting off more than they can chew with diamond‑handed cats.,"don, purrleone, repost, bird, repeatedly, tries, eat, cat, clip, sixstinkycats"
1404196885145944064,@TheRoaringKitty,2021-06-13 18:00:00,TRUE,https://t.co/4TzDiEG7Pl,Kill Bill Vol. 2 – The Bride vs. Bill final courtyard duel.,,Posted 10 PM ET 13 Jun 2021; foreshadows end‑game showdown with shorts.,"kill, bill, vol, bride, final, courtyard, duel"
1403441914075127812,@TheRoaringKitty,2021-06-11 16:00:01,TRUE,https://t.co/BCG6ZalgdC,SNL cue: Daniel Craig exuberantly announces Ladies and gentlemen: The Weekend!,233.34,Posted 8 PM ET 11 Jun 2021; a light‑hearted cheer for apes heading into the weekend's trading.,"snl, cue, daniel, craig, exuberantly, announces, ladies, gentlemen, weekend"
1403381513496891398,@TheRoaringKitty,2021-06-11 12:00:01,TRUE,https://t.co/a5rjRMkgPc,Stranger Things cast reunites after a season gap—long‑awaited meetup.,233.34,Posted 4 PM ET 11 Jun 2021; mirrors apes reuniting after holding through lulls.,"stranger, things, cast, reunites, after, season, gap, long, awaited, meetup"
1403358931666223104,@TheRoaringKitty,2021-06-11 10:30:17,TRUE,https://t.co/2UYUmHDS9s,The Breakfast Club whistle of Colonel Bogey March' (Bridge on the River Kwai) over Saturday detention corridor.,233.34,Rallies diverse retail 'students' into one clique; 2:30 PM ET 11 Jun 2021.,"breakfast, club, whistle, colonel, bogey, march, bridge, river, kwai, over, saturday, detention, corridor"
1403321121148186624,@TheRoaringKitty,2021-06-11 08:00:02,TRUE,https://t.co/gRiPifdmWf,The Hangover (2009) wake‑up scene: disoriented trio surveys their trashed Vegas suite.,233.34,Posted noon ET 11 Jun 2021; comic nod to investors waking up to market chaos.,"hangover, 2009, wake, scene, disoriented, trio, surveys, their, trashed, vegas, suite"
1403140014414913539,@TheRoaringKitty,2021-06-10 20:00:23,TRUE,https://t.co/V56Ix1T84L,"The Big Lebowski limo scene – The Dude reclines in the back seat, sunglasses on, unfazed by chaos.",233.34,Posted midnight ET 11 Jun 2021; channels laid‑back confidence amid market turbulence.,"big, lebowski, limo, scene, dude, reclines, back, seat, sunglasses, unfazed, chaos"
1403083073047105539,@TheRoaringKitty,2021-06-10 16:14:07,TRUE,https://t.co/9Z6TnqZlLE,Unbreakable (2000) opening‑scene stare: David Dunn looks uneasily forward seconds before the train crash.,220.39,Posted 8:14 PM ET 10 Jun 2021; omen that volatility is the 'train wreck' before discovering true strength.,"unbreakable, 2000, opening, scene, stare, david, dunn, looks, uneasily, forward, seconds, before, train, crash"
1403060736889344004,@TheRoaringKitty,2021-06-10 14:45:21,TRUE,https://t.co/Jop841EhkF,"Scream (1996) kitchen finale – Stu (Matthew Lillard) staggers, bleeding: I'm feelin' a little woozy here!",220.39,Comic nod to feeling 'stabbed' by volatility; 6:45 PM ET 10 Jun 2021.,"scream, 1996, kitchen, finale, stu, matthew, lillard, staggers, bleeding, feelin, little, woozy, here"
1403041813431263232,@TheRoaringKitty,2021-06-10 13:30:10,TRUE,https://t.co/aWvxmRJKUC,The Blair Witch Project close‑up confession: I'm so scared…' night‑vision tears.,220.39,Signals honest fear before a big swing; 5:30 PM ET 10 Jun 2021.,"blair, witch, project, close, confession, scared, night, vision, tears"
1403019233504661516,@TheRoaringKitty,2021-06-10 12:00:26,TRUE,https://t.co/oLkR7RtSk9,Little Miss Sunshine (2006) talent‑show finale – Olive breaks into a dance to Rick James' Super Freak.,220.39,Celebrates quirky underdog spirit; 4 PM ET 10 Jun 2021.,"little, miss, sunshine, 2006, talent, show, finale, olive, breaks, into, dance, rick, james, super, freak"
1403000454544453635,@TheRoaringKitty,2021-06-10 10:45:49,TRUE,https://t.co/Yj9jEX3mkt,Training Day (2001) low‑angle car shot – rookie Jake (Ethan Hawke) eyes the neighborhood warily while Denzel drives.,220.39,Reflects newbie apes learning hard truths; 2:45 PM ET 10 Jun 2021.,"training, day, 2001, low, angle, car, shot, rookie, jake, ethan, hawke, eyes, neighborhood, warily, while, denzel, drives"
1402981374609432595,@TheRoaringKitty,2021-06-10 09:30:00,TRUE,https://t.co/md8qFDLjSV,Get Him to the Greek (2010) doorway gag – Jonah Hill & Russell Brand burst through double doors grinning.,59.5362,"Market open\"" hype: party's on; 1:30 PM ET 10 Jun 2021.","get, him, greek, 2010, doorway, gag, jonah, hill, russell, brand, burst, through, double, doors, grinning"
1402977641511149570,@TheRoaringKitty,2021-06-10 09:15:10,TRUE,https://t.co/l0NuiKEjOW,Viral cat meme – Six Stinky Cats' Al Catone' tries the wrong flap gets denied entry.,220.39,"Posted 1:15 PM ET 10 Jun 2021; symbolizes shorts locked out of easy profits—wrong house, wrong play.","viral, cat, meme, six, stinky, cats, catone, tries, wrong, flap, gets, denied, entry"
1402777531476893707,@TheRoaringKitty,2021-06-09 20:00:00,TRUE,https://t.co/ukRvBrIQOE,Ocean's Twelve – Matt Damon brags: I am a traveler in both time and space.,220.39,Posted midnight ET 10 Jun 2021; wink that DD spans timelines & markets.,"ocean, twelve, matt, damon, brags, traveler, both, time, space"
1402762438420873221,@TheRoaringKitty,2021-06-09 19:00:02,TRUE,https://t.co/yLefkTI4WP,Shaun of the Dead – Shaun and Ed clink pints: To a long day!,302.56,Posted 11 PM ET 09 Jun 2021; toast to surviving a bloody trading session.,"shaun, dead, clink, pints, long, day"
1402747331523579911,@TheRoaringKitty,2021-06-09 18:00:00,TRUE,https://t.co/I0CQcUrxBi,"Black Mirror Season 5 — opening beat of “Smithereens.” Andrew Scott’s weary driver pauses, exhales “Ah fuck” before the rideshare pickup that spirals into chaos.",302.56,Posted 10 PM ET 9 Jun 2021; captures retail’s exasperation with a rigged system moments before the real drama begins.,"black, mirror, season, opening, beat, smithereens, andrew, scott, weary, driver, pauses, exhales, fuck, before, rideshare, pickup, spirals, into, chaos"
1402709583454511104,@TheRoaringKitty,2021-06-09 15:30:00,TRUE,https://t.co/oW6Ptu8002,Tron (1982) neon‑grid stroll—avatar sports a GameStop logo on chest.,302.56,Posted 7:30 PM ET 09 Jun 2021; suggests GME entering a digital‑realm endgame.,"tron, 1982, neon, grid, stroll, avatar, sports, gamestop, logo, chest"
1402702034613194753,@TheRoaringKitty,2021-06-09 15:00:00,TRUE,https://t.co/ugYHn7sKQH,"Interview GIF—Russell Brand wipes his smile into a frown with one hand, mood flipping instantly.",71.0,Posted 7 PM ET 9 Jun 2021; depicts swift sentiment shift from euphoria to grim resolve.,"interview, gif, russell, brand, wipes, his, smile, into, frown, one, hand, mood, flipping, instantly"
1402694484421447682,@TheRoaringKitty,2021-06-09 14:30:00,TRUE,https://t.co/keMtfYmdQa,Contact (1997) shot—scientists wave at the massive Machine' in background.,70.53,Posted 7 PM ET 09 Jun 2021; nod to monumental tech build‑up behind scenes.,"contact, 1997, shot, scientists, wave, massive, machine, background"
1402686935139815425,@TheRoaringKitty,2021-06-09 14:00:00,TRUE,https://t.co/2gqteA7oCL,Spider‑Man (2002) cafeteria slow‑mo: Peter's arm hair bristles as spider‑sense tingles.,69.0125,Posted 6 PM ET 9 Jun 2021; retail instincts prickle ahead of incoming volatility.,"spider, man, 2002, cafeteria, slow, peter, arm, hair, bristles, sense, tingles"
1402671842687475713,@TheRoaringKitty,2021-06-09 13:00:02,TRUE,https://t.co/ycGte7rkI3,"Eastbound & Down best‑of – Kenny Powers vs. Ashley Schaeffer, These people want to see a show!",302.56,Posted 1:00 PM ET 9 Jun 2021; Gill rallies the crowd: brace for an entertaining market spectacle.,"eastbound, down, best, kenny, powers, ashley, schaeffer, these, people, want, see, show"
1402656738378190850,@TheRoaringKitty,2021-06-09 12:00:01,TRUE,https://t.co/i6PAGrpitK,"Lawrence of Arabia (1962) briefing—Dryden warns of a burning fiery furnace Lawrence replies, It's going to be fun.",302.56,Posted 4 PM ET 9 Jun 2021; frames the perilous squeeze path as an adventurous challenge.,"lawrence, arabia, 1962, briefing, dryden, warns, burning, fiery, furnace, replies, going, fun"
1402641643694477317,@TheRoaringKitty,2021-06-09 11:00:02,TRUE,https://t.co/8gSXcMcy7C,No Country for Old Men coin‑flip showdown: Call it.,302.56,Posted 3 PM ET 09 Jun 2021; frames GME as a high‑stakes fate toss for shorts.,"country, old, men, coin, flip, showdown, call"
1402626539787743236,@TheRoaringKitty,2021-06-09 10:00:01,TRUE,https://t.co/RpamED3d4R,1917 (2019) continuous‑shot sprint through explosions.,302.56,Posted 2 PM ET 09 Jun 2021; retail's breathless dash amid battlefield volatility.,"1917, 2019, continuous, shot, sprint, through, explosions"
1402596345827844102,@TheRoaringKitty,2021-06-09 08:00:02,TRUE,https://t.co/HQKtcMVU2P,Top Gun flight‑deck montage set to Kenny Loggins' Danger Zone jets edited with GME logos on booster tails.,302.56,Posted 12 PM ET 9 Jun 2021; signals apes are about to go supersonic' into a high‑risk zone.,"top, gun, flight, deck, montage, set, kenny, loggins, danger, zone, jets, edited, gme, logos, booster, tails"
1402475288819212293,@TheRoaringKitty,2021-06-08 23:59:00,TRUE,https://t.co/Dd7RZZM7cP,"The Simpsons scene where they sing ""Happy Birthday"" to Lisa, symbolizing a celebration or new beginning for GameStop on the day of its shareholder meeting.",302.56,"Posted at 3:59 AM ET on June 9, 2021, ahead of GameStop's annual shareholder meeting, likely to build anticipation and celebrate the event among retail investors. GME closed at $302.56 that day.","simpsons, scene, where, they, sing, happy, birthday, lisa, symbolizing, celebration, new, beginning, gamestop, day, its, shareholder, meeting"
1402415198254796802,@TheRoaringKitty,2021-06-08 20:00:13,TRUE,https://t.co/8LmO9tYJPd,"Daft Punk's ""One More Time"" live performance from Alive 2007, symbolizing anticipation and celebration ahead of GameStop's shareholder meeting.",302.56,"Posted at midnight ET on June 9, 2021, just before GameStop's shareholder meeting, using Daft Punk's ""One More Time"" to build excitement and anticipation among retail investors. GME closed at $302.56 that day.","daft, punk, one, more, time, live, performance, alive, 2007, symbolizing, anticipation, celebration, ahead, gamestop, shareholder, meeting"
1402415199488024583,@TheRoaringKitty,2021-06-08 20:00:13,FALSE,https://t.co/amm1pamZ7J,"Reply with a YouTube link to Daft Punk's ""Alive 2007 One More Time, Aerodynamic, Da Funk, Daftendirekt,"" supplementing the previous post's celebratory tone.",302.56,"Posted at midnight ET on June 9, 2021, as a reply to the previous post, providing additional context for the celebratory theme ahead of the shareholder meeting. GME closed at $302.56 that day.","reply, youtube, link, daft, punk, alive, 2007, one, more, time, aerodynamic, funk, daftendirekt, supplementing, previous, post, celebratory, tone"
1402339649662730240,@TheRoaringKitty,2021-06-08 15:00:01,TRUE,https://t.co/nuEq3xaIQQ,"Scene from Fleabag where the therapist tells Fleabag she already knows what to do, symbolizing retail investors' confidence in their strategy.",300.0,"Posted at 7:00 PM ET on June 8, 2021, the day before GameStop's shareholder meeting, encouraging retail investors to trust their decisions and strategy. GME closed at $300.00 that day.","scene, fleabag, where, therapist, tells, she, already, knows, what, symbolizing, retail, investors, confidence, their, strategy"
1402324549643948037,@TheRoaringKitty,2021-06-08 14:00:01,TRUE,https://t.co/p6jK1BkhSt,"Scene from 21 Jump Street, likely symbolizing retail investors' undercover or strategic moves in the market.",300.0,"Posted at 6:00 PM ET on June 8, 2021, using a scene from 21 Jump Street to engage retail investors with humor or symbolism related to their market strategies. GME closed at $300.00 that day.","scene, jump, street, likely, symbolizing, retail, investors, undercover, strategic, moves, market"
1402309452540305413,@TheRoaringKitty,2021-06-08 13:00:01,TRUE,https://t.co/L8FyKgoVf7,"Quote from Omar Little in The Wire: ""And I keeps one in the chamber in case you pondering,"" symbolizing retail investors' readiness and preparation.",300.0,"Posted at 5:00 PM ET on June 8, 2021, using a quote from The Wire to emphasize retail investors' preparedness for market challenges. GME closed at $300.00 that day.","quote, omar, little, wire, keeps, one, chamber, case, you, pondering, symbolizing, retail, investors, readiness, preparation"
1402302120523612163,@TheRoaringKitty,2021-06-08 12:30:53,TRUE,https://t.co/SsRPqYnVzy,"Scene from Bridesmaids of a character eating a cupcake, possibly symbolizing retail investors' enjoyment or reward.",300.0,"Posted at 4:30 PM ET on June 8, 2021, using a lighthearted scene to maintain retail investor engagement. GME closed at $300.00 that day.","scene, bridesmaids, character, eating, cupcake, possibly, symbolizing, retail, investors, enjoyment, reward"
1402271915423698945,@TheRoaringKitty,2021-06-08 10:30:52,TRUE,https://t.co/klxAW4f5xg,"Bongo Cat meme playing to ""Ça Plane Pour Moi,"" symbolizing positive sentiment or things going well for retail investors.",300.0,"Posted at 2:30 PM ET on June 8, 2021, using a popular meme to boost morale and indicate positive momentum. GME closed at $300.00 that day.","bongo, cat, meme, playing, plane, pour, moi, symbolizing, positive, sentiment, things, going, well, retail, investors"
1402271917030182925,@TheRoaringKitty,2021-06-08 10:30:52,FALSE,https://t.co/0VFWlLYEc8,"Reply with a YouTube link to Bongo Cat In Space, supplementing the previous post's humorous tone.",300.0,"Posted at 2:30 PM ET on June 8, 2021, as a reply to the previous post, providing additional context for the humorous theme. GME closed at $300.00 that day.","reply, youtube, link, bongo, cat, space, supplementing, previous, post, humorous, tone"
1402260612521017355,@TheRoaringKitty,2021-06-08 09:45:57,TRUE,https://t.co/hz83kK0bMX,"SNL skit where a character presents Luigi with a growing blurred object, likely symbolizing growth or increase in GME's value or retail's power.",300.0,"Posted at 1:45 PM ET on June 8, 2021, using humor to suggest growth or positive developments for GME. GME closed at $300.00 that day.","snl, skit, where, character, presents, luigi, growing, blurred, object, likely, symbolizing, growth, increase, gme, value, retail, power"
1402052754877517841,@TheRoaringKitty,2021-06-07 20:00:00,TRUE,https://t.co/9oxXxBak5O,"Scene from Sicario of characters going dark, symbolizing retail investors preparing for a significant market move.",300.0,"Posted at midnight ET on June 8, 2021, using a scene from Sicario to symbolize retail investors' preparation for upcoming market events. GME closed at $300.00 that day.","scene, sicario, characters, going, dark, symbolizing, retail, investors, preparing, significant, market, move"
1401961509895483398,@TheRoaringKitty,2021-06-07 13:57:25,TRUE,https://t.co/YMUPssEbeB,"Scene from Reservoir Dogs where Mr. Blonde dances with a razor, symbolizing tension and readiness in the market.",280.01,"Posted at 5:57 PM ET on June 7, 2021, using an ominous scene to reflect the tense market atmosphere. GME closed at $280.01 that day.","scene, reservoir, dogs, where, blonde, dances, razor, symbolizing, tension, readiness, market"
1401954808022581251,@TheRoaringKitty,2021-06-07 13:30:47,TRUE,https://t.co/y8S6gG7XyS,"Scene from a 90s show where a character licks finger and sticks it in the air, symbolizing testing the market conditions.",280.01,"Posted at 5:30 PM ET on June 7, 2021, possibly indicating retail investors assessing market conditions. GME closed at $280.01 that day.","scene, 90s, show, where, character, licks, finger, sticks, air, symbolizing, testing, market, conditions"
1401931958574227456,@TheRoaringKitty,2021-06-07 12:00:00,TRUE,https://t.co/fMaSsDULxR,"Scene from The Fantastic Mr. Fox where Mr. Fox waves to a wolf, possibly symbolizing acknowledgment of other market participants.",70.0025,"Posted at 4:00 PM ET on June 7, 2021, using a scene to perhaps acknowledge other investors or market players. GME closed at $280.01 that day.","scene, fantastic, fox, where, waves, wolf, possibly, symbolizing, acknowledgment, other, market, participants"
1401916924406243339,@TheRoaringKitty,2021-06-07 11:00:15,TRUE,https://t.co/2cTQwM43e0,"Fight scene from Overwatch, symbolizing the strategic battle between retail investors and short sellers.",280.01,"Posted at 3:00 PM ET on June 7, 2021, using a video game fight scene to represent the market struggle. GME closed at $280.01 that day.","fight, scene, overwatch, symbolizing, strategic, battle, between, retail, investors, short, sellers"
1401660169579220995,@TheRoaringKitty,2021-06-06 18:00:00,TRUE,https://t.co/qoAQofaVuF,"Image from Groundhog Day showing the clock at 6 AM, symbolizing repetition or persistence in the market.",,"Posted at 10:00 PM ET on June 6, 2021 (Sunday), using Groundhog Day to symbolize the ongoing market cycles or retail's persistence. GME closed at $248.36 on June 4, the last trading day.","image, groundhog, day, showing, clock, symbolizing, repetition, persistence, market"
1400965591800762368,@TheRoaringKitty,2021-06-04 20:00:00,TRUE,https://t.co/l1mQDpE77c,"Scene from Almost Famous where the band sings ""Tiny Dancer"" on the bus, symbolizing unity among retail investors.",,"Posted at midnight ET on June 5, 2021 (Saturday), using a scene of unity to reflect the solidarity among retail investors. GME closed at $248.36 on June 4, the last trading day.","scene, almost, famous, where, band, sings, tiny, dancer, bus, symbolizing, unity, among, retail, investors"
1400882544359342085,@TheRoaringKitty,2021-06-04 14:30:00,TRUE,https://t.co/Jb6nMrqiwJ,"Superbad (2007) – Seth & Evan watch Fogell roll dice: Dude I think he's doing the dice thing too much.\"" / \""That's really all he's got.",248.36,Posted 6:30 PM ET 4 Jun 2021; pokes fun at shorts recycling the same tired tactics.,"superbad, 2007, seth, evan, watch, fogell, roll, dice, dude, think, doing, thing, too, much, really, all, got"
1400874995480510464,@TheRoaringKitty,2021-06-04 14:00:00,TRUE,https://t.co/Ujw43wIey8,SNL classic – Christopher Walken demands More cowbell!'; Will Ferrell bangs the cowbell beside his ear.,248.36,"Posted 6:00 PM ET 4 Jun 2021; Gill calls for more volume\"" and unrelenting hype to keep the rhythm going.","snl, classic, christopher, walken, demands, more, cowbell, will, ferrell, bangs, beside, his, ear"
1400863669895024643,@TheRoaringKitty,2021-06-04 13:15:00,TRUE,https://t.co/KSTiLCNZKR,Men in Black (1997) – Agent K warns: That red button? Don't ever ever touch it then they punch it for hyper‑drive.,248.36,Posted 5:15 PM ET 4 Jun 2021; a cheeky nod to apes' urge to press the 'sell' button—better to wait for the real blast‑off.,"men, black, 1997, agent, warns, red, button, don, ever, touch, then, they, punch, hyper, drive"
1400844797229912065,@TheRoaringKitty,2021-06-04 12:00:00,TRUE,https://t.co/Slbg4RRyY2,"Love Actually dinner‑table scene – Karen asks, Do you love him?' probing hidden feelings.",62.0775,Posted 4:00 PM ET 4 Jun 2021; suggests investors question their conviction before the squeeze intensifies.,"love, actually, dinner, table, scene, karen, asks, you, him, probing, hidden, feelings"
1400822150777368578,@TheRoaringKitty,2021-06-04 10:30:01,TRUE,https://t.co/VeS4JsPHif,"Baby Driver (2017) – Opening credits: Baby struts down the street, earbuds in, syncing steps to the beat.",248.36,Posted 2:30 PM ET 4 Jun 2021; retail strolls confidently to its own rhythm despite noise.,"baby, driver, 2017, opening, credits, struts, down, street, earbuds, syncing, steps, beat"
1400812079997665287,@TheRoaringKitty,2021-06-04 09:50:00,TRUE,https://t.co/cg22jEyyAF,Austin Powers: International Man of Mystery – Freeze‑frame subtitle: F***ing's my middle name.,63.8,Posted 1:50 PM ET 4 Jun 2021; tongue‑in‑cheek swagger boosting ape bravado.,"austin, powers, international, man, mystery, freeze, frame, subtitle, ing, middle, name"
1400605796157775872,@TheRoaringKitty,2021-06-03 20:10:18,TRUE,https://t.co/2VnKQvUFBN,The Killers – Mr. Brightside' live BBC studio session.,248.36,"Companion tweet to the concert clip, showing raw talent behind the hype—staying power of the movement.","killers, brightside, live, bbc, studio, session"
1400605798099791872,@TheRoaringKitty,2021-06-03 20:10:18,FALSE,https://t.co/1VrOdmrs4v,The Killers – Mr. Brightside' concert video (Glasgow 2018): massive crowd sings every word.,248.36,"Posted 12:10 AM ET 4 Jun 2021; rally anthem for insomniac holders, spotlighting collective energy.","killers, brightside, concert, video, glasgow, 2018, massive, crowd, sings, every, word"
1400547838409457665,@TheRoaringKitty,2021-06-03 16:20:00,TRUE,https://t.co/M1mKlY3R9g,True Grit (2010) – Rooster Cogburn rides horse across a raging river with Mattie balanced on the saddle‑horn.,258.18,"Posted 8:20 PM ET 3 Jun 2021; apes fording a turbulent market, trusting grit over fear.","true, grit, 2010, rooster, cogburn, rides, horse, across, raging, river, mattie, balanced, saddle, horn"
1400522985375780872,@TheRoaringKitty,2021-06-03 14:41:14,TRUE,https://t.co/tEEHem0kRV,Get Him to the Greek (2010) – Aldous Snow (Russell Brand) croons Stroke the furry wall' after a Jeffery trip.,258.18,"Posted 6:41 PM ET 3 Jun 2021; meme advice to stay calm—stroke your furry wall\"" during wild volatility.","get, him, greek, 2010, aldous, snow, russell, brand, croons, stroke, furry, wall, after, jeffery, trip"
1400474857733705728,@TheRoaringKitty,2021-06-03 11:30:00,TRUE,https://t.co/XCdSDppOGY,"Inkblot (Rorschach‑style) test slideshow: blots morph into ice‑cream cone, poop emoji, and Ryan Cohen at a computer.",64.6988,Posted 3:30 PM ET 3 Jun 2021; invites followers to 'see what they want' in ambiguous price patterns—projection is everything.,"inkblot, rorschach, style, test, slideshow, blots, morph, into, ice, cream, cone, poop, emoji, ryan, cohen, computer"
1400452208273944577,@TheRoaringKitty,2021-06-03 10:00:00,TRUE,https://t.co/8y3NMW0Icj,"The Dark Knight hospital demo—Joker ambles away, detonator lags, building finally blows.",67.5,"(Added earlier batch, but listing here for continuity) Posted 2:00 PM ET 3 Jun 2021; warns bigger fireworks may follow initial pop.","dark, knight, hospital, demo, joker, ambles, away, detonator, lags, building, finally, blows"
1400437241760124930,@TheRoaringKitty,2021-06-03 09:00:31,TRUE,https://t.co/wVcAAroeH2,"Looping GIF of a kitten snug in a pink blanket, swatting playfully at the camera—classic comfy kitty' meme.",258.18,"Posted 1:00 PM ET 3 Jun 2021; a soothing palate‑cleanser after explosive Joker tweet, reminding apes to stay cozy and patient.","looping, gif, kitten, snug, pink, blanket, swatting, playfully, camera, classic, comfy, kitty, meme"
1400240815436222464,@TheRoaringKitty,2021-06-02 20:00:00,TRUE,https://t.co/6JHptoBwpp,Montage from The Royal Tenenbaums (2001) of the three Tenenbaum kids orchestrating childhood pranks and mischief.,258.18,"Posted midnight ET 3 Jun 2021; nod to quirky, DIY strategies retail investors use against Wall Street elites.","montage, royal, tenenbaums, 2001, three, tenenbaum, kids, orchestrating, childhood, pranks, mischief"
1400185617179459590,@TheRoaringKitty,2021-06-02 16:20:39,TRUE,https://t.co/z36x0bBKdv,Trainwreck (2015) pickup‑game clip – Amy's boyfriend drains a basket over LeBron James.,282.24,Posted 8:20 PM ET 2 Jun 2021; underdog moment of beating a superstar mirrors retail outscoring Wall Street elites.,"trainwreck, 2015, pickup, game, clip, amy, boyfriend, drains, basket, over, lebron, james"
1400157768170889221,@TheRoaringKitty,2021-06-02 14:30:00,TRUE,https://t.co/JrWzQhSv65,Dinner‑table scene from Parasite (2019) where the Kim family feasts and laughs alone in the Park mansion.,282.24,Posted 6:30 PM ET 2 Jun 2021; metaphor for retail 'intruders' enjoying the spoils while oblivious elites sleep upstairs.,"dinner, table, scene, parasite, 2019, where, kim, family, feasts, laughs, alone, park, mansion"
1400135118723891208,@TheRoaringKitty,2021-06-02 13:00:00,TRUE,https://t.co/x4fnbI8s9w,REMOVED / BROKEN‑MEDIA — original video no longer hosted on X.,70.75,Tweet deleted or DMCA’d; only a “media unavailable” stub remains.,"removed, broken, media, original, video, longer, hosted"
1400124740291923968,@TheRoaringKitty,2021-06-02 12:18:45,TRUE,https://t.co/aTnnmrgNax,Ready Player One (2018) arcade‑room confrontation—Halliday avatar says: Back again so soon? Careful not to lose your shit.,282.24,Posted 4:18 PM ET 2 Jun 2021; teasing apes to keep composure as they dive repeatedly into the 'game.,"ready, player, one, 2018, arcade, room, confrontation, halliday, avatar, says, back, again, soon, careful, lose, your, shit"
1400112472414199809,@TheRoaringKitty,2021-06-02 11:30:00,TRUE,https://t.co/DlGlig6Wpp,"Lyric‑card GIF of Black Sheep' (Metric/Brie Larson) from Scott Pilgrim vs. the World—lines begin 'Hello again friend of a friend…\"".",70.9316,"Posted 3:30 PM ET 2 Jun 2021; signals the band (retail) re‑forming for a final showdown, echoing 2010 cult‑classic vibe.","lyric, card, gif, black, sheep, metric, brie, larson, scott, pilgrim, world, lines, begin, hello, again, friend"
1400089824015626240,@TheRoaringKitty,2021-06-02 10:00:01,TRUE,https://t.co/5Wj4CZoWDP,Big Fish (2003) porch scene—poet Norther Winslow sighs: I've been working on this poem for 12 years still stuck on the first line.,282.24,Posted 2:00 PM ET 2 Jun 2021; wry nod to apes polishing their thesis for years while waiting on payoff.,"big, fish, 2003, porch, scene, poet, norther, winslow, sighs, been, working, poem, years, still, stuck, first, line"
