tweet_time,burst_id,burst_start,cluster,lag_days,duration_sec,burst_max
2021-06-02 10:00:01-04:00,2021-06-02_2021-06-02 09:59:40-04:00,2021-06-02 09:59:40-04:00,1.0,0.00024305555555555555,182.0,256.2499
2021-06-02 11:30:00-04:00,2021-06-02_2021-06-02 10:03:45-04:00,2021-06-02 10:03:45-04:00,3.0,0.059895833333333336,0.0,253.94
2021-06-02 12:18:45-04:00,2021-06-02_2021-06-02 10:03:45-04:00,2021-06-02 10:03:45-04:00,3.0,0.09375,0.0,253.94
2021-06-02 13:00:00-04:00,2021-06-02_2021-06-02 10:03:45-04:00,2021-06-02 10:03:45-04:00,3.0,0.12239583333333333,0.0,253.94
2021-06-02 14:30:00-04:00,2021-06-02_2021-06-02 10:03:45-04:00,2021-06-02 10:03:45-04:00,3.0,0.18489583333333334,0.0,253.94
2021-06-02 16:20:39-04:00,2021-06-02_2021-06-02 10:03:45-04:00,2021-06-02 10:03:45-04:00,3.0,0.2617361111111111,0.0,253.94
2021-06-02 20:00:00-04:00,2021-06-02_2021-06-02 10:03:45-04:00,2021-06-02 10:03:45-04:00,3.0,0.4140625,0.0,253.94
2021-06-03 09:00:31-04:00,2021-06-03_2021-06-03 08:00:01-04:00,2021-06-03 08:00:01-04:00,4.0,0.04201388888888889,6140.0,288.25
2021-06-03 10:00:00-04:00,2021-06-03_2021-06-03 09:43:22-04:00,2021-06-03 09:43:22-04:00,3.0,0.011550925925925926,1.0,262.0
2021-06-03 11:30:00-04:00,2021-06-03_2021-06-03 10:29:56-04:00,2021-06-03 10:29:56-04:00,3.0,0.041712962962962966,0.0,265.74
2021-06-03 14:41:14-04:00,2021-06-03_2021-06-03 10:29:56-04:00,2021-06-03 10:29:56-04:00,3.0,0.17451388888888889,0.0,265.74
2021-06-03 16:20:00-04:00,2021-06-03_2021-06-03 10:29:56-04:00,2021-06-03 10:29:56-04:00,3.0,0.24310185185185185,0.0,265.74
2021-06-03 20:10:18-04:00,2021-06-03_2021-06-03 10:29:56-04:00,2021-06-03 10:29:56-04:00,3.0,0.4030324074074074,0.0,265.74
2021-06-04 09:50:00-04:00,2021-06-04_2021-06-04 09:37:50-04:00,2021-06-04 09:37:50-04:00,4.0,0.008449074074074074,774.0,264.0
2021-06-04 10:30:01-04:00,2021-06-04_2021-06-04 09:53:04-04:00,2021-06-04 09:53:04-04:00,5.0,0.025659722222222223,0.0,259.3483
2021-06-04 12:00:00-04:00,2021-06-04_2021-06-04 09:53:04-04:00,2021-06-04 09:53:04-04:00,5.0,0.08814814814814814,0.0,259.3483
2021-06-04 13:15:00-04:00,2021-06-04_2021-06-04 09:53:04-04:00,2021-06-04 09:53:04-04:00,5.0,0.14023148148148148,0.0,259.3483
2021-06-04 14:00:00-04:00,2021-06-04_2021-06-04 09:53:04-04:00,2021-06-04 09:53:04-04:00,5.0,0.17148148148148148,0.0,259.3483
2021-06-04 14:30:00-04:00,2021-06-04_2021-06-04 09:53:04-04:00,2021-06-04 09:53:04-04:00,5.0,0.19231481481481483,0.0,259.3483
2021-06-04 20:00:00-04:00,2021-06-04_2021-06-04 09:53:04-04:00,2021-06-04 09:53:04-04:00,5.0,0.42148148148148146,0.0,259.3483
2021-06-06 18:00:00-04:00,2021-06-04_2021-06-04 09:53:04-04:00,2021-06-04 09:53:04-04:00,5.0,2.3381481481481483,0.0,259.3483
2021-06-07 11:00:15-04:00,2021-06-07_2021-06-07 10:10:52-04:00,2021-06-07 10:10:52-04:00,3.0,0.03429398148148148,1.0,263.5999
2021-06-07 12:00:00-04:00,2021-06-07_2021-06-07 10:10:52-04:00,2021-06-07 10:10:52-04:00,3.0,0.07578703703703704,1.0,263.5999
2021-06-07 13:30:47-04:00,2021-06-07_2021-06-07 10:10:52-04:00,2021-06-07 10:10:52-04:00,3.0,0.1388310185185185,1.0,263.5999
2021-06-07 13:57:25-04:00,2021-06-07_2021-06-07 10:10:52-04:00,2021-06-07 10:10:52-04:00,3.0,0.1573263888888889,1.0,263.5999
2021-06-07 20:00:00-04:00,2021-06-07_2021-06-07 10:10:52-04:00,2021-06-07 10:10:52-04:00,3.0,0.40912037037037036,1.0,263.5999
2021-06-08 09:45:57-04:00,2021-06-07_2021-06-07 10:10:52-04:00,2021-06-07 10:10:52-04:00,3.0,0.9826967592592593,1.0,263.5999
2021-06-08 10:30:52-04:00,2021-06-08_2021-06-08 10:26:57-04:00,2021-06-08 10:26:57-04:00,4.0,0.0027199074074074074,182.0,344.66
2021-06-08 12:30:53-04:00,2021-06-08_2021-06-08 10:26:57-04:00,2021-06-08 10:26:57-04:00,4.0,0.08606481481481482,182.0,344.66
2021-06-08 13:00:01-04:00,2021-06-08_2021-06-08 10:26:57-04:00,2021-06-08 10:26:57-04:00,4.0,0.10629629629629629,182.0,344.66
2021-06-08 14:00:01-04:00,2021-06-08_2021-06-08 10:26:57-04:00,2021-06-08 10:26:57-04:00,4.0,0.14796296296296296,182.0,344.66
2021-06-08 15:00:01-04:00,2021-06-08_2021-06-08 10:26:57-04:00,2021-06-08 10:26:57-04:00,4.0,0.18962962962962962,182.0,344.66
2021-06-08 20:00:13-04:00,2021-06-08_2021-06-08 10:26:57-04:00,2021-06-08 10:26:57-04:00,4.0,0.3981018518518519,182.0,344.66
2021-06-08 23:59:00-04:00,2021-06-08_2021-06-08 10:26:57-04:00,2021-06-08 10:26:57-04:00,4.0,0.5639236111111111,182.0,344.66
2021-06-09 08:00:02-04:00,2021-06-09_2021-06-09 08:00:00-04:00,2021-06-09 08:00:00-04:00,2.0,2.3148148148148147e-05,105.0,307.62
2021-06-09 10:00:01-04:00,2021-06-09_2021-06-09 09:31:22-04:00,2021-06-09 09:31:22-04:00,3.0,0.019895833333333335,0.0,303.0
2021-06-09 11:00:02-04:00,2021-06-09_2021-06-09 10:26:11-04:00,2021-06-09 10:26:11-04:00,1.0,0.023506944444444445,228.0,306.5
2021-06-09 12:00:01-04:00,2021-06-09_2021-06-09 10:26:11-04:00,2021-06-09 10:26:11-04:00,1.0,0.06516203703703703,228.0,306.5
2021-06-09 13:00:02-04:00,2021-06-09_2021-06-09 10:26:11-04:00,2021-06-09 10:26:11-04:00,1.0,0.10684027777777778,228.0,306.5
2021-06-09 14:00:00-04:00,2021-06-09_2021-06-09 10:26:11-04:00,2021-06-09 10:26:11-04:00,1.0,0.1484837962962963,228.0,306.5
2021-06-09 14:30:00-04:00,2021-06-09_2021-06-09 10:26:11-04:00,2021-06-09 10:26:11-04:00,1.0,0.16931712962962964,228.0,306.5
2021-06-09 15:00:00-04:00,2021-06-09_2021-06-09 10:26:11-04:00,2021-06-09 10:26:11-04:00,1.0,0.19015046296296295,228.0,306.5
2021-06-09 15:30:00-04:00,2021-06-09_2021-06-09 10:26:11-04:00,2021-06-09 10:26:11-04:00,1.0,0.2109837962962963,228.0,306.5
2021-06-09 18:00:00-04:00,2021-06-09_2021-06-09 10:26:11-04:00,2021-06-09 10:26:11-04:00,1.0,0.31515046296296295,228.0,306.5
2021-06-09 19:00:02-04:00,2021-06-09_2021-06-09 10:26:11-04:00,2021-06-09 10:26:11-04:00,1.0,0.35684027777777777,228.0,306.5
2021-06-09 20:00:00-04:00,2021-06-09_2021-06-09 10:26:11-04:00,2021-06-09 10:26:11-04:00,1.0,0.3984837962962963,228.0,306.5
2021-06-10 09:15:10-04:00,2021-06-10_2021-06-10 08:49:09-04:00,2021-06-10 08:49:09-04:00,4.0,0.01806712962962963,2575.0,288.88
2021-06-10 09:30:00-04:00,2021-06-10_2021-06-10 08:49:09-04:00,2021-06-10 08:49:09-04:00,4.0,0.028368055555555556,2575.0,288.88
2021-06-10 10:45:49-04:00,2021-06-10_2021-06-10 10:12:35-04:00,2021-06-10 10:12:35-04:00,3.0,0.023078703703703702,0.0,283.0
2021-06-10 12:00:26-04:00,2021-06-10_2021-06-10 10:12:35-04:00,2021-06-10 10:12:35-04:00,3.0,0.07489583333333333,0.0,283.0
2021-06-10 13:30:10-04:00,2021-06-10_2021-06-10 10:12:35-04:00,2021-06-10 10:12:35-04:00,3.0,0.13721064814814815,0.0,283.0
2021-06-10 14:45:21-04:00,2021-06-10_2021-06-10 10:12:35-04:00,2021-06-10 10:12:35-04:00,3.0,0.1894212962962963,0.0,283.0
2021-06-10 16:14:07-04:00,2021-06-10_2021-06-10 10:12:35-04:00,2021-06-10 10:12:35-04:00,3.0,0.2510648148148148,0.0,283.0
2021-06-10 20:00:23-04:00,2021-06-10_2021-06-10 10:12:35-04:00,2021-06-10 10:12:35-04:00,3.0,0.40819444444444447,0.0,283.0
2021-06-11 08:00:02-04:00,2021-06-11_2021-06-11 08:00:01-04:00,2021-06-11 08:00:01-04:00,3.0,1.1574074074074073e-05,2.0,233.99
2021-06-11 10:30:17-04:00,2021-06-11_2021-06-11 10:17:57-04:00,2021-06-11 10:17:57-04:00,3.0,0.008564814814814815,2.0,233.24
2021-06-11 12:00:01-04:00,2021-06-11_2021-06-11 10:17:57-04:00,2021-06-11 10:17:57-04:00,3.0,0.07087962962962963,2.0,233.24
2021-06-11 16:00:01-04:00,2021-06-11_2021-06-11 10:17:57-04:00,2021-06-11 10:17:57-04:00,3.0,0.23754629629629628,2.0,233.24
2021-06-13 18:00:00-04:00,2021-06-11_2021-06-11 10:17:57-04:00,2021-06-11 10:17:57-04:00,3.0,2.3208680555555556,2.0,233.24
2021-06-14 10:30:20-04:00,2021-06-14_2021-06-14 10:14:03-04:00,2021-06-14 10:14:03-04:00,3.0,0.011307870370370371,16.0,231.94
2021-06-14 12:00:00-04:00,2021-06-14_2021-06-14 10:14:03-04:00,2021-06-14 10:14:03-04:00,3.0,0.07357638888888889,16.0,231.94
2021-06-15 10:45:50-04:00,2021-06-15_2021-06-15 10:00:07-04:00,2021-06-15 10:00:07-04:00,3.0,0.031747685185185184,6.0,226.6699
2021-06-15 12:00:26-04:00,2021-06-15_2021-06-15 10:00:07-04:00,2021-06-15 10:00:07-04:00,3.0,0.08355324074074075,6.0,226.6699
2021-06-15 15:00:08-04:00,2021-06-15_2021-06-15 10:00:07-04:00,2021-06-15 10:00:07-04:00,3.0,0.2083449074074074,6.0,226.6699
2021-06-15 23:47:00-04:00,2021-06-15_2021-06-15 10:00:07-04:00,2021-06-15 10:00:07-04:00,3.0,0.574224537037037,6.0,226.6699
2021-06-16 10:00:29-04:00,2021-06-16_2021-06-16 09:40:30-04:00,2021-06-16 09:40:30-04:00,3.0,0.013877314814814815,2.0,218.3
2021-06-16 12:45:40-04:00,2021-06-16_2021-06-16 10:19:10-04:00,2021-06-16 10:19:10-04:00,4.0,0.10173611111111111,649.0,221.73
2021-06-16 16:20:14-04:00,2021-06-16_2021-06-16 10:19:10-04:00,2021-06-16 10:19:10-04:00,4.0,0.25074074074074076,649.0,221.73
2021-06-16 21:45:36-04:00,2021-06-16_2021-06-16 10:19:10-04:00,2021-06-16 10:19:10-04:00,4.0,0.4766898148148148,649.0,221.73
2021-06-17 11:00:47-04:00,2021-06-17_2021-06-17 10:09:37-04:00,2021-06-17 10:09:37-04:00,3.0,0.03553240740740741,0.0,230.8
2021-06-17 14:00:10-04:00,2021-06-17_2021-06-17 10:09:37-04:00,2021-06-17 10:09:37-04:00,3.0,0.16010416666666666,0.0,230.8
2021-06-18 21:00:01-04:00,2021-06-18_2021-06-18 09:46:26-04:00,2021-06-18 09:46:26-04:00,3.0,0.4677662037037037,0.0,221.63
2024-05-14 11:00:01-04:00,2024-05-14_2024-05-14 10:21:33-04:00,2024-05-14 10:21:33-04:00,2.0,0.026712962962962963,0.0,63.56
2024-05-14 11:30:00-04:00,2024-05-14_2024-05-14 10:21:33-04:00,2024-05-14 10:21:33-04:00,2.0,0.04753472222222222,0.0,63.56
2024-05-14 12:00:01-04:00,2024-05-14_2024-05-14 10:21:33-04:00,2024-05-14 10:21:33-04:00,2.0,0.06837962962962962,0.0,63.56
2024-05-14 12:30:00-04:00,2024-05-14_2024-05-14 10:21:33-04:00,2024-05-14 10:21:33-04:00,2.0,0.08920138888888889,0.0,63.56
2024-05-14 13:00:00-04:00,2024-05-14_2024-05-14 10:21:33-04:00,2024-05-14 10:21:33-04:00,2.0,0.11003472222222223,0.0,63.56
2024-05-14 13:30:00-04:00,2024-05-14_2024-05-14 10:21:33-04:00,2024-05-14 10:21:33-04:00,2.0,0.13086805555555556,0.0,63.56
2024-05-14 14:00:01-04:00,2024-05-14_2024-05-14 10:21:33-04:00,2024-05-14 10:21:33-04:00,2.0,0.15171296296296297,0.0,63.56
2024-05-14 14:30:00-04:00,2024-05-14_2024-05-14 10:21:33-04:00,2024-05-14 10:21:33-04:00,2.0,0.17253472222222221,0.0,63.56
2024-05-14 15:00:00-04:00,2024-05-14_2024-05-14 10:21:33-04:00,2024-05-14 10:21:33-04:00,2.0,0.19336805555555556,0.0,63.56
2024-05-14 15:30:00-04:00,2024-05-14_2024-05-14 10:21:33-04:00,2024-05-14 10:21:33-04:00,2.0,0.2142013888888889,0.0,63.56
2024-05-14 16:00:01-04:00,2024-05-14_2024-05-14 10:21:33-04:00,2024-05-14 10:21:33-04:00,2.0,0.2350462962962963,0.0,63.56
2024-05-14 20:00:01-04:00,2024-05-14_2024-05-14 10:21:33-04:00,2024-05-14 10:21:33-04:00,2.0,0.40171296296296294,0.0,63.56
2024-05-15 08:00:02-04:00,2024-05-15_2024-05-15 08:00:00-04:00,2024-05-15 08:00:00-04:00,4.0,2.3148148148148147e-05,2315.0,60.6
2024-05-15 08:15:00-04:00,2024-05-15_2024-05-15 08:01:54-04:00,2024-05-15 08:01:54-04:00,3.0,0.009097222222222222,6.0,56.575
2024-05-15 08:30:00-04:00,2024-05-15_2024-05-15 08:25:30-04:00,2024-05-15 08:25:30-04:00,,0.003125,0.0,60.6
2024-05-15 08:45:00-04:00,2024-05-15_2024-05-15 08:42:36-04:00,2024-05-15 08:42:36-04:00,1.0,0.0016666666666666668,239.0,43.43
2024-05-15 09:00:02-04:00,2024-05-15_2024-05-15 08:47:22-04:00,2024-05-15 08:47:22-04:00,3.0,0.008796296296296297,28.0,42.89
2024-05-15 09:15:00-04:00,2024-05-15_2024-05-15 09:13:08-04:00,2024-05-15 09:13:08-04:00,3.0,0.0012962962962962963,3.0,42.47
2024-05-15 09:30:00-04:00,2024-05-15_2024-05-15 09:23:02-04:00,2024-05-15 09:23:02-04:00,3.0,0.004837962962962963,155.0,43.1
2024-05-15 09:45:00-04:00,2024-05-15_2024-05-15 09:37:02-04:00,2024-05-15 09:37:02-04:00,5.0,0.005532407407407408,0.0,43.87
2024-05-15 10:00:01-04:00,2024-05-15_2024-05-15 09:37:02-04:00,2024-05-15 09:37:02-04:00,5.0,0.015960648148148147,0.0,43.87
2024-05-15 10:15:00-04:00,2024-05-15_2024-05-15 09:37:02-04:00,2024-05-15 09:37:02-04:00,5.0,0.02636574074074074,0.0,43.87
2024-05-15 10:30:01-04:00,2024-05-15_2024-05-15 09:37:02-04:00,2024-05-15 09:37:02-04:00,5.0,0.03679398148148148,0.0,43.87
2024-05-15 10:45:00-04:00,2024-05-15_2024-05-15 09:37:02-04:00,2024-05-15 09:37:02-04:00,5.0,0.047199074074074074,0.0,43.87
2024-05-15 11:00:02-04:00,2024-05-15_2024-05-15 09:37:02-04:00,2024-05-15 09:37:02-04:00,5.0,0.05763888888888889,0.0,43.87
2024-05-15 11:15:00-04:00,2024-05-15_2024-05-15 09:37:02-04:00,2024-05-15 09:37:02-04:00,5.0,0.0680324074074074,0.0,43.87
2024-05-15 11:30:00-04:00,2024-05-15_2024-05-15 09:37:02-04:00,2024-05-15 09:37:02-04:00,5.0,0.07844907407407407,0.0,43.87
2024-05-15 11:45:00-04:00,2024-05-15_2024-05-15 09:37:02-04:00,2024-05-15 09:37:02-04:00,5.0,0.08886574074074075,0.0,43.87
2024-05-15 12:00:02-04:00,2024-05-15_2024-05-15 09:37:02-04:00,2024-05-15 09:37:02-04:00,5.0,0.09930555555555555,0.0,43.87
2024-05-15 12:15:00-04:00,2024-05-15_2024-05-15 09:37:02-04:00,2024-05-15 09:37:02-04:00,5.0,0.10969907407407407,0.0,43.87
2024-05-15 12:30:00-04:00,2024-05-15_2024-05-15 09:37:02-04:00,2024-05-15 09:37:02-04:00,5.0,0.12011574074074075,0.0,43.87
2024-05-15 12:45:00-04:00,2024-05-15_2024-05-15 09:37:02-04:00,2024-05-15 09:37:02-04:00,5.0,0.1305324074074074,0.0,43.87
2024-05-15 13:00:01-04:00,2024-05-15_2024-05-15 09:37:02-04:00,2024-05-15 09:37:02-04:00,5.0,0.14096064814814815,0.0,43.87
2024-05-15 13:15:00-04:00,2024-05-15_2024-05-15 09:37:02-04:00,2024-05-15 09:37:02-04:00,5.0,0.15136574074074075,0.0,43.87
2024-05-15 13:30:00-04:00,2024-05-15_2024-05-15 09:37:02-04:00,2024-05-15 09:37:02-04:00,5.0,0.1617824074074074,0.0,43.87
2024-05-15 13:45:00-04:00,2024-05-15_2024-05-15 09:37:02-04:00,2024-05-15 09:37:02-04:00,5.0,0.1721990740740741,0.0,43.87
2024-05-15 14:00:01-04:00,2024-05-15_2024-05-15 09:37:02-04:00,2024-05-15 09:37:02-04:00,5.0,0.1826273148148148,0.0,43.87
2024-05-15 14:15:00-04:00,2024-05-15_2024-05-15 09:37:02-04:00,2024-05-15 09:37:02-04:00,5.0,0.1930324074074074,0.0,43.87
2024-05-15 14:31:33-04:00,2024-05-15_2024-05-15 09:37:02-04:00,2024-05-15 09:37:02-04:00,5.0,0.20452546296296295,0.0,43.87
2024-05-15 14:45:00-04:00,2024-05-15_2024-05-15 09:37:02-04:00,2024-05-15 09:37:02-04:00,5.0,0.21386574074074075,0.0,43.87
2024-05-15 15:00:01-04:00,2024-05-15_2024-05-15 09:37:02-04:00,2024-05-15 09:37:02-04:00,5.0,0.22429398148148147,0.0,43.87
2024-05-15 15:15:00-04:00,2024-05-15_2024-05-15 09:37:02-04:00,2024-05-15 09:37:02-04:00,5.0,0.2346990740740741,0.0,43.87
2024-05-15 15:30:00-04:00,2024-05-15_2024-05-15 09:37:02-04:00,2024-05-15 09:37:02-04:00,5.0,0.24511574074074075,0.0,43.87
2024-05-15 15:45:00-04:00,2024-05-15_2024-05-15 09:37:02-04:00,2024-05-15 09:37:02-04:00,5.0,0.2555324074074074,0.0,43.87
2024-05-15 16:00:00-04:00,2024-05-15_2024-05-15 09:37:02-04:00,2024-05-15 09:37:02-04:00,5.0,0.2659490740740741,0.0,43.87
2024-05-15 20:00:01-04:00,2024-05-15_2024-05-15 09:37:02-04:00,2024-05-15 09:37:02-04:00,5.0,0.4326273148148148,0.0,43.87
2024-05-16 10:00:01-04:00,2024-05-16_2024-05-16 08:25:30-04:00,2024-05-16 08:25:30-04:00,1.0,0.06563657407407407,289.0,37.33
2024-05-16 10:15:00-04:00,2024-05-16_2024-05-16 08:25:30-04:00,2024-05-16 08:25:30-04:00,1.0,0.07604166666666666,289.0,37.33
2024-05-16 10:30:00-04:00,2024-05-16_2024-05-16 08:25:30-04:00,2024-05-16 08:25:30-04:00,1.0,0.08645833333333333,289.0,37.33
2024-05-16 10:45:00-04:00,2024-05-16_2024-05-16 08:25:30-04:00,2024-05-16 08:25:30-04:00,1.0,0.096875,289.0,37.33
2024-05-16 11:00:01-04:00,2024-05-16_2024-05-16 08:25:30-04:00,2024-05-16 08:25:30-04:00,1.0,0.10730324074074074,289.0,37.33
2024-05-16 11:15:00-04:00,2024-05-16_2024-05-16 08:25:30-04:00,2024-05-16 08:25:30-04:00,1.0,0.11770833333333333,289.0,37.33
2024-05-16 11:30:00-04:00,2024-05-16_2024-05-16 08:25:30-04:00,2024-05-16 08:25:30-04:00,1.0,0.128125,289.0,37.33
2024-05-16 11:45:00-04:00,2024-05-16_2024-05-16 08:25:30-04:00,2024-05-16 08:25:30-04:00,1.0,0.13854166666666667,289.0,37.33
2024-05-16 12:00:00-04:00,2024-05-16_2024-05-16 08:25:30-04:00,2024-05-16 08:25:30-04:00,1.0,0.14895833333333333,289.0,37.33
2024-05-16 12:15:00-04:00,2024-05-16_2024-05-16 08:25:30-04:00,2024-05-16 08:25:30-04:00,1.0,0.159375,289.0,37.33
2024-05-16 12:30:00-04:00,2024-05-16_2024-05-16 08:25:30-04:00,2024-05-16 08:25:30-04:00,1.0,0.16979166666666667,289.0,37.33
2024-05-16 12:45:00-04:00,2024-05-16_2024-05-16 08:25:30-04:00,2024-05-16 08:25:30-04:00,1.0,0.18020833333333333,289.0,37.33
2024-05-16 13:00:01-04:00,2024-05-16_2024-05-16 08:25:30-04:00,2024-05-16 08:25:30-04:00,1.0,0.19063657407407408,289.0,37.33
2024-05-16 13:15:00-04:00,2024-05-16_2024-05-16 08:25:30-04:00,2024-05-16 08:25:30-04:00,1.0,0.20104166666666667,289.0,37.33
2024-05-16 13:30:00-04:00,2024-05-16_2024-05-16 08:25:30-04:00,2024-05-16 08:25:30-04:00,1.0,0.21145833333333333,289.0,37.33
2024-05-16 13:45:00-04:00,2024-05-16_2024-05-16 08:25:30-04:00,2024-05-16 08:25:30-04:00,1.0,0.221875,289.0,37.33
2024-05-16 14:00:00-04:00,2024-05-16_2024-05-16 08:25:30-04:00,2024-05-16 08:25:30-04:00,1.0,0.23229166666666667,289.0,37.33
2024-05-16 14:16:07-04:00,2024-05-16_2024-05-16 08:25:30-04:00,2024-05-16 08:25:30-04:00,1.0,0.2434837962962963,289.0,37.33
2024-05-16 14:30:00-04:00,2024-05-16_2024-05-16 08:25:30-04:00,2024-05-16 08:25:30-04:00,1.0,0.253125,289.0,37.33
2024-05-16 14:45:00-04:00,2024-05-16_2024-05-16 08:25:30-04:00,2024-05-16 08:25:30-04:00,1.0,0.2635416666666667,289.0,37.33
2024-05-16 15:00:00-04:00,2024-05-16_2024-05-16 08:25:30-04:00,2024-05-16 08:25:30-04:00,1.0,0.27395833333333336,289.0,37.33
2024-05-16 15:15:00-04:00,2024-05-16_2024-05-16 08:25:30-04:00,2024-05-16 08:25:30-04:00,1.0,0.284375,289.0,37.33
2024-05-16 15:30:00-04:00,2024-05-16_2024-05-16 08:25:30-04:00,2024-05-16 08:25:30-04:00,1.0,0.2947916666666667,289.0,37.33
2024-05-16 15:45:00-04:00,2024-05-16_2024-05-16 08:25:30-04:00,2024-05-16 08:25:30-04:00,1.0,0.30520833333333336,289.0,37.33
2024-05-16 16:00:00-04:00,2024-05-16_2024-05-16 08:25:30-04:00,2024-05-16 08:25:30-04:00,1.0,0.315625,289.0,37.33
2024-05-16 20:00:00-04:00,2024-05-16_2024-05-16 08:25:30-04:00,2024-05-16 08:25:30-04:00,1.0,0.4822916666666667,289.0,37.33
2024-05-17 10:10:24-04:00,2024-05-17_2024-05-17 08:40:46-04:00,2024-05-17 08:40:46-04:00,,0.06224537037037037,0.0,28.75
2024-05-17 10:15:00-04:00,2024-05-17_2024-05-17 08:40:46-04:00,2024-05-17 08:40:46-04:00,,0.06543981481481481,0.0,28.75
2024-05-17 10:30:00-04:00,2024-05-17_2024-05-17 08:40:46-04:00,2024-05-17 08:40:46-04:00,,0.07585648148148148,0.0,28.75
2024-05-17 10:45:36-04:00,2024-05-17_2024-05-17 08:40:46-04:00,2024-05-17 08:40:46-04:00,,0.08668981481481482,0.0,28.75
2024-05-17 11:00:03-04:00,2024-05-17_2024-05-17 08:40:46-04:00,2024-05-17 08:40:46-04:00,,0.09672453703703704,0.0,28.75
2024-05-17 11:15:00-04:00,2024-05-17_2024-05-17 08:40:46-04:00,2024-05-17 08:40:46-04:00,,0.10710648148148148,0.0,28.75
2024-05-17 11:30:00-04:00,2024-05-17_2024-05-17 08:40:46-04:00,2024-05-17 08:40:46-04:00,,0.11752314814814815,0.0,28.75
2024-05-17 11:45:00-04:00,2024-05-17_2024-05-17 08:40:46-04:00,2024-05-17 08:40:46-04:00,,0.1279398148148148,0.0,28.75
2024-05-17 12:00:01-04:00,2024-05-17_2024-05-17 08:40:46-04:00,2024-05-17 08:40:46-04:00,,0.13836805555555556,0.0,28.75
2024-05-17 12:15:00-04:00,2024-05-17_2024-05-17 08:40:46-04:00,2024-05-17 08:40:46-04:00,,0.14877314814814815,0.0,28.75
2024-05-17 12:30:00-04:00,2024-05-17_2024-05-17 08:40:46-04:00,2024-05-17 08:40:46-04:00,,0.1591898148148148,0.0,28.75
2024-05-17 13:00:00-04:00,2024-05-17_2024-05-17 08:40:46-04:00,2024-05-17 08:40:46-04:00,,0.18002314814814815,0.0,28.75
2024-05-17 13:15:00-04:00,2024-05-17_2024-05-17 08:40:46-04:00,2024-05-17 08:40:46-04:00,,0.1904398148148148,0.0,28.75
2024-05-17 13:30:00-04:00,2024-05-17_2024-05-17 08:40:46-04:00,2024-05-17 08:40:46-04:00,,0.20085648148148147,0.0,28.75
2024-05-17 13:45:00-04:00,2024-05-17_2024-05-17 08:40:46-04:00,2024-05-17 08:40:46-04:00,,0.21127314814814815,0.0,28.75
2024-05-17 14:00:01-04:00,2024-05-17_2024-05-17 08:40:46-04:00,2024-05-17 08:40:46-04:00,,0.22170138888888888,0.0,28.75
2024-05-17 14:15:00-04:00,2024-05-17_2024-05-17 08:40:46-04:00,2024-05-17 08:40:46-04:00,,0.23210648148148147,0.0,28.75
2024-05-17 14:30:00-04:00,2024-05-17_2024-05-17 08:40:46-04:00,2024-05-17 08:40:46-04:00,,0.24252314814814815,0.0,28.75
2024-05-17 14:45:00-04:00,2024-05-17_2024-05-17 08:40:46-04:00,2024-05-17 08:40:46-04:00,,0.2529398148148148,0.0,28.75
2024-05-17 15:00:01-04:00,2024-05-17_2024-05-17 08:40:46-04:00,2024-05-17 08:40:46-04:00,,0.26336805555555554,0.0,28.75
2024-05-17 15:15:00-04:00,2024-05-17_2024-05-17 08:40:46-04:00,2024-05-17 08:40:46-04:00,,0.2737731481481481,0.0,28.75
2024-05-17 15:30:00-04:00,2024-05-17_2024-05-17 08:40:46-04:00,2024-05-17 08:40:46-04:00,,0.2841898148148148,0.0,28.75
2024-05-17 15:45:00-04:00,2024-05-17_2024-05-17 08:40:46-04:00,2024-05-17 08:40:46-04:00,,0.2946064814814815,0.0,28.75
2024-05-17 16:00:00-04:00,2024-05-17_2024-05-17 08:40:46-04:00,2024-05-17 08:40:46-04:00,,0.3050231481481481,0.0,28.75
2024-06-02 20:02:47-04:00,2024-05-29_2024-05-29 09:12:40-04:00,2024-05-29 09:12:40-04:00,5.0,4.451469907407407,0.0,26.245
2024-06-09 20:00:01-04:00,2024-06-07_2024-06-07 09:52:49-04:00,2024-06-07 09:52:49-04:00,3.0,2.421666666666667,0.0,42.476
2024-06-10 12:30:00-04:00,2024-06-10_2024-06-10 09:24:44-04:00,2024-06-10 09:24:44-04:00,0.0,0.12865740740740741,0.0,35.91
2024-06-11 12:31:37-04:00,2024-06-11_2024-06-11 10:21:42-04:00,2024-06-11 10:21:42-04:00,5.0,0.0902199074074074,1.0,27.3
2024-06-11 21:15:15-04:00,2024-06-11_2024-06-11 10:21:42-04:00,2024-06-11 10:21:42-04:00,5.0,0.45385416666666667,1.0,27.3
2024-06-12 10:00:00-04:00,2024-06-11_2024-06-11 10:21:42-04:00,2024-06-11 10:21:42-04:00,5.0,0.9849305555555555,1.0,27.3
2024-06-13 14:00:00-04:00,2024-06-13_2024-06-13 08:37:56-04:00,2024-06-13 08:37:56-04:00,3.0,0.22365740740740742,0.0,31.32
2024-06-17 13:10:34-04:00,2024-06-13_2024-06-13 08:37:56-04:00,2024-06-13 08:37:56-04:00,3.0,4.189328703703704,0.0,31.32
2024-06-17 15:00:00-04:00,2024-06-13_2024-06-13 08:37:56-04:00,2024-06-13 08:37:56-04:00,3.0,4.265324074074074,0.0,31.32
2024-06-27 13:00:01-04:00,2024-06-18_2024-06-18 08:45:02-04:00,2024-06-18 08:45:02-04:00,5.0,9.17707175925926,0.0,28.455
2024-09-06 12:00:00-04:00,2024-07-01_2024-07-01 08:00:19-04:00,2024-07-01 08:00:19-04:00,2.0,67.16644675925926,0.0,26.16
2024-12-25 10:00:02-05:00,2024-12-09_2024-12-09 08:00:01-05:00,2024-12-09 08:00:01-05:00,5.0,16.083344907407408,0.0,33.0788
2025-01-01 20:00:00-05:00,2024-12-09_2024-12-09 08:00:01-05:00,2024-12-09 08:00:01-05:00,5.0,23.499988425925928,0.0,33.0788
2025-01-22 20:00:36-05:00,2024-12-09_2024-12-09 08:00:01-05:00,2024-12-09 08:00:01-05:00,5.0,44.500405092592594,0.0,33.0788
